,AbstractPlayersFeature1,AbstractPlayersFeature2,AbstractPlayersFeature3,AbstractPlayersFeature4,AbstractPlayersFeature5,year,franchID,rating_max_C,rating_max_F,rating_max_G,rating_second_max_C,rating_second_max_F,rating_second_max_G,rating_third_max_C,rating_third_max_F,rating_third_max_G,mean_C,mean_F,mean_G,no_new_players
0,-68.50584795610506,-0.643121481195101,0.03978212056074996,-0.16035151530098177,-0.1298197978036493,1.0,CHA,0.43986467278773056,0.4939969412236729,0.535606487319707,0.43986467278773056,0.4939969412236729,0.535606487319707,0.43986467278773056,0.43505886632600804,0.535606487319707,0.43986467278773056,0.46452790377484043,0.49586125365571515,3.0
1,-67.50970984228864,-0.660442712652046,-0.09754180700632037,-0.14223394837413578,0.025497265590962725,1.0,CLE,0.5322039063463935,0.5708275441542456,0.572900546585291,0.5322039063463935,0.5708275441542456,0.572900546585291,0.5322039063463935,0.5708275441542456,0.572900546585291,0.5229907472102974,0.513338267488759,0.5098298531323769,2.0
2,-66.50751336131178,-0.5768506225621964,0.04046461316398706,-0.11723770347463598,-0.1845747343927582,1.0,CON,0.5513167212070658,0.0,0.5289594882238743,0.5513167212070658,0.0,0.5289594882238743,0.5513167212070658,0.0,0.45100529991815713,0.5513167212070658,0.0,0.48998239407101574,4.0
3,-65.50084488275328,-0.7054094709532366,-0.08135993811568402,-0.18470286753368306,0.09211927873073594,1.0,DET,0.0,0.4680529710883891,0.448280510276,0.0,0.4680529710883891,0.448280510276,0.0,0.41329236255872437,0.448280510276,0.0,0.44067266682355677,0.448280510276,5.0
4,-64.48879694277159,-0.4796689548208304,1.8619320598741567,0.29754983113751776,0.12034957278210999,1.0,HOU,0.5165215089446582,0.555363856292217,0.6137326313132155,0.5165215089446582,0.555363856292217,0.6137326313132155,0.5165215089446582,0.555363856292217,0.5931959730476252,0.5165215089446582,0.555363856292217,0.6034643021804204,4.0
5,-63.506407843893165,-0.6222417150889707,-0.002521040276999453,-0.13360535139006247,-0.159472270914367,1.0,IND,0.4277028640550231,0.49789544915144357,0.46567621662749215,0.4277028640550231,0.49789544915144357,0.46567621662749215,0.4277028640550231,0.49789544915144357,0.44038276083797373,0.4277028640550231,0.4503827883775219,0.45302948873273297,3.0
6,-62.49509384755542,3.477549175440228,0.09946108943330897,-1.404256903820373,0.380172041391042,1.0,LAS,0.5918415618523685,0.6153925447555568,0.5607884788408029,0.5918415618523685,0.6153925447555568,0.5607884788408029,0.47286041955107755,0.5366510355113563,0.5607884788408029,0.532350990701723,0.5760217901334566,0.535422607422593,2.0
7,-61.50413199133101,-0.5827452257917709,-0.00410945224999676,0.1306598315083154,0.23348973632132103,1.0,MIA,0.47289109127448237,0.43088683798076965,0.48257950536347904,0.47289109127448237,0.43088683798076965,0.48257950536347904,0.47289109127448237,0.3580322443140843,0.46294604675943435,0.47289109127448237,0.394459541147427,0.47276277606145667,4.0
8,-60.50606887725257,-0.6469556408849668,-0.13688914308718875,0.2792596452312303,0.9625553754171663,1.0,MIN,0.4031174869416689,0.45403364809007557,0.5292116618950843,0.4031174869416689,0.45403364809007557,0.5292116618950843,0.4031174869416689,0.4355973900175223,0.4058877700772546,0.4031174869416689,0.4448155190537989,0.46754971598616946,5.0
9,-59.49748287543294,-0.6940382516751501,0.3468148121784912,-0.02708324783922017,0.16375625980386319,1.0,NYL,0.0,0.5793716491410301,0.5936294648636812,0.0,0.5793716491410301,0.5936294648636812,0.0,0.5433666370857351,0.5936294648636812,0.0,0.5613691431133826,0.5124050144122768,6.0
10,-58.50906110345674,-0.6392961721652456,0.02841182144603222,-0.32411489166822854,-0.40112900790758016,1.0,PHO,0.40042072779566223,0.5733994853889244,0.6191475214157834,0.40042072779566223,0.5733994853889244,0.6191475214157834,0.40042072779566223,0.5087065379142266,0.6191475214157834,0.40042072779566223,0.5410530116515755,0.4998835245093865,7.0
11,-57.50646587119188,-0.6546726881409647,-0.04342553589480108,-0.14133060217478355,-0.15808681455914214,1.0,POR,0.3856952046931108,0.4601252111671641,0.4612073857072295,0.3856952046931108,0.4601252111671641,0.4612073857072295,0.3856952046931108,0.4601252111671641,0.4612073857072295,0.3856952046931108,0.43603552364947973,0.45045291744523713,4.0
12,-56.510483935063796,-0.5668087803383299,-0.08628727704213447,-0.18851706552270392,-0.32209650371398924,1.0,SAC,0.44039136564404324,0.49569460880920446,0.5840867017456913,0.44039136564404324,0.49569460880920446,0.5840867017456913,0.44039136564404324,0.49569460880920446,0.5840867017456913,0.44039136564404324,0.49569460880920446,0.514638107317317,2.0
13,-55.50704549382812,-0.5815532043304422,0.010016981474748676,-0.11044875274792078,-0.22932418524133863,1.0,SAS,0.4679819374374571,0.45945334064270826,0.4562499515927961,0.4679819374374571,0.45945334064270826,0.4562499515927961,0.41554168370004807,0.45945334064270826,0.4562499515927961,0.4417618105687526,0.4370255606647821,0.445934286181562,3.0
14,-54.50746211972761,-0.6734008286847062,-0.15451967326694202,-0.17311994977702327,-0.16946139555704706,1.0,SEA,0.4264308617592175,0.41441676052825593,0.45041111137671813,0.4264308617592175,0.41441676052825593,0.45041111137671813,0.4264308617592175,0.40978340632866295,0.45041111137671813,0.40847669274819975,0.41210008342845944,0.4023579683291897,2.0
15,-53.507215840623154,-0.636685305266231,-0.018075773692075397,-0.17920018361742113,-0.2942457221823018,1.0,WAS,0.49333434058912373,0.536055471315998,0.5261309020169999,0.49333434058912373,0.536055471315998,0.5261309020169999,0.49333434058912373,0.536055471315998,0.5035043534207512,0.49333434058912373,0.5219834921780494,0.5148176277188755,6.0
16,-52.50726629836899,-0.5949070945100221,-0.02871887912515977,-0.08248330343073433,-0.2699400383644794,2.0,CHA,0.5567195446880356,0.5719330134078421,0.5874606858625471,0.5567195446880356,0.5719330134078421,0.5874606858625471,0.5567195446880356,0.5475646558903406,0.5874606858625471,0.4907168684137755,0.5597488346490913,0.5295249424219143,1.0
17,-51.5072362446266,-0.6173590965441175,-0.044786628186700504,-0.1046635444990236,-0.1592182233103726,2.0,CLE,0.5444351813846474,0.5404892541188678,0.5744499276787681,0.5444351813846474,0.5404892541188678,0.5744499276787681,0.4766607008726489,0.5404892541188678,0.5744499276787681,0.5105479411286482,0.5137463333272793,0.5050882978881717,4.0
18,-50.507017815143705,-0.7435169368619944,-0.13622526419428585,-0.18688409593654703,-0.0775180459827973,2.0,CON,0.46001995640700244,0.45409639503548893,0.5614368780792514,0.46001995640700244,0.45409639503548893,0.5614368780792514,0.46001995640700244,0.4449180039849946,0.5614368780792514,0.46001995640700244,0.44950719951024176,0.4781675898065183,1.0
19,-49.50860130423647,-0.7111710038146181,-0.14828963540725235,-0.2386356775304765,-0.22454957511701984,2.0,DET,0.40606878533486734,0.45409639503548893,0.44583096805817723,0.40606878533486734,0.45409639503548893,0.44583096805817723,0.40606878533486734,0.43447751386264166,0.3936346562695253,0.40606878533486734,0.4442869544490653,0.4197328121638513,5.0
20,-48.509272946482085,-0.5978057706698683,-0.048800404118733924,-0.27906920978527777,-0.48174392008806377,2.0,HOU,0.565247179096933,0.5436954772491814,0.5988063228174537,0.565247179096933,0.5436954772491814,0.5988063228174537,0.565247179096933,0.5436954772491814,0.5988063228174537,0.565247179096933,0.5167963535758591,0.5110195529188382,1.0
21,-47.507246041604645,-0.6475977627172789,-0.13458356677992322,-0.11257511072020988,-0.19587318172883864,2.0,IND,0.4567355130492749,0.44695390701023996,0.5066703788438174,0.4567355130492749,0.44695390701023996,0.5066703788438174,0.4184102135957453,0.44695390701023996,0.5066703788438174,0.4375728633225101,0.42226352526184296,0.4621574793462629,3.0
22,-46.481112030279114,7.803464230043863,-0.37895507995571964,1.89063081442896,-1.1908653444172792,2.0,LAS,0.7128674446383568,0.5497916372170397,0.6088729598514032,0.7128674446383568,0.5497916372170397,0.6088729598514032,0.7128674446383568,0.5497916372170397,0.6088729598514032,0.5786301082410766,0.488600885895436,0.524825987898418,2.0
23,-45.50288305815851,-0.5939431246897574,-0.16775557018645484,0.6353383031377264,1.26755458619406,2.0,MIA,0.5434581619365285,0.5513800015785318,0.5504567883140576,0.5434581619365285,0.5513800015785318,0.5504567883140576,0.5434581619365285,0.5513800015785318,0.5504567883140576,0.4881915234943281,0.49419687989888966,0.49906205575224943,4.0
24,-44.50727283304865,-0.7428085673562365,-0.19256275661059838,-0.07739916563254316,0.11576457978537612,2.0,MIN,0.4396125571602215,0.4465670906310954,0.5617176922927437,0.4396125571602215,0.4465670906310954,0.5617176922927437,0.41842228330333764,0.4198434746599827,0.4511272833456521,0.4290174202317796,0.43320528264553904,0.5064224878191979,2.0
25,-43.50529251063517,-0.709762662134729,0.325414547878938,-0.07857659567775983,-0.1266972115693927,2.0,NYL,0.443617284203204,0.5667051856637444,0.5544350918355704,0.443617284203204,0.5667051856637444,0.5544350918355704,0.443617284203204,0.548103288619983,0.5544350918355704,0.443617284203204,0.5574042371418637,0.5105187720775916,2.0
26,-42.51078682819371,-0.7161392267020874,-0.2456625260789793,-0.33858388957299196,-0.37601970324161343,2.0,PHO,0.44001635157654956,0.5151145854690529,0.45553016887700293,0.44001635157654956,0.5151145854690529,0.45553016887700293,0.44001635157654956,0.5151145854690529,0.45553016887700293,0.4236756440243464,0.4521860999958468,0.44230186176593556,2.0
27,-41.50721050265598,-0.7252382414809359,-0.1565906526161192,-0.14951882952948536,-0.17071654885974386,2.0,POR,0.40292465615936396,0.4666916452450499,0.6095485425155815,0.40292465615936396,0.4666916452450499,0.6095485425155815,0.40284268477372676,0.4666916452450499,0.6095485425155815,0.4028836704665454,0.4339006990555099,0.4555666174125527,1.0
28,-40.512985986898066,-0.6756943776301699,-0.2554732497347392,-0.3203977815312652,-0.4169993370771689,2.0,SAC,0.5148052333272676,0.5028066398645394,0.5981500545501384,0.5148052333272676,0.5028066398645394,0.5981500545501384,0.5148052333272676,0.4649558856041608,0.5981500545501384,0.5148052333272676,0.4838812627343501,0.5471623536505315,2.0
29,-39.51013616060617,-0.6257699513793693,-0.2197005494080458,-0.12035685839802057,-0.26481462570174596,2.0,SAS,0.551817610813972,0.5491957427437354,0.5330866942889154,0.551817610813972,0.5491957427437354,0.5330866942889154,0.48515098304924137,0.5446652226743439,0.5330866942889154,0.5184842969316067,0.5469304827090397,0.4970135525804048,4.0
30,-38.50680682439934,-0.6745590518819409,-0.2108070586345928,-0.1526964105992052,-0.26534062677762205,2.0,SEA,0.4484218356744687,0.5436954772491814,0.47234683885341106,0.4484218356744687,0.5436954772491814,0.47234683885341106,0.4484218356744687,0.5436954772491814,0.47234683885341106,0.4484218356744687,0.48772666407449367,0.4444357197058192,3.0
31,-37.50315767726097,-0.765834639389894,-0.2673118564997023,0.34909523171320717,1.148831908828871,2.0,WAS,0.5861104987332887,0.4542827660552325,0.46295949159049277,0.5861104987332887,0.4542827660552325,0.46295949159049277,0.4496459515734196,0.4542827660552325,0.46295949159049277,0.5178782251533541,0.4414914736841073,0.4271436732747942,3.0
32,-36.50732044633913,-0.6279640645767349,-0.17717260571618498,-0.07460126879270951,-0.2708112304016386,3.0,CHA,0.5082611629255459,0.5425473304864247,0.5313774529450153,0.5082611629255459,0.5425473304864247,0.5313774529450153,0.5082611629255459,0.5425473304864247,0.5313774529450153,0.5082611629255459,0.4943499686137627,0.49322519218946487,1.0
33,-35.50857370154607,-0.688438647517874,-0.22870659808645016,-0.16780634046840237,-0.28759686101030335,3.0,CLE,0.44316695087202185,0.43047901110593195,0.5447341330987165,0.44316695087202185,0.43047901110593195,0.5447341330987165,0.41581118012321183,0.4176511183155164,0.5447341330987165,0.42948906549761684,0.42406506471072414,0.4871538304661038,1.0
34,-34.49978768692974,-0.7926990575381742,-0.543296264411712,0.55403448466841,1.6401830226329481,3.0,CON,0.0,0.4453236064232091,0.5005800935593105,0.0,0.4453236064232091,0.5005800935593105,0.0,0.4453236064232091,0.5005800935593105,0.0,0.4265540547299102,0.47439261595849835,1.0
35,-33.50250929900212,0.9701051320939506,-0.2808818883489265,0.2160821693985462,-0.4785589963077172,3.0,DET,0.44401280662609255,0.43739732791018826,0.4558998372506273,0.44401280662609255,0.43739732791018826,0.4558998372506273,0.44401280662609255,0.43739732791018826,0.4558998372506273,0.44401280662609255,0.42690777347930503,0.43671048497564774,2.0
36,-32.481765899579635,0.7348852279394554,1.5182346307481092,0.33546288169923616,1.400857856348749,3.0,HOU,0.5524499077637034,0.5461206484979121,0.5407462981388056,0.5524499077637034,0.5461206484979121,0.5407462981388056,0.5502320353704847,0.5461206484979121,0.5407462981388056,0.551340971567094,0.5461206484979121,0.5106475155328088,3.0
37,-31.491081779845405,-0.6959877203400695,1.4897526220921369,-0.011191737595898836,-0.2771526946887688,3.0,IND,0.4848047742463436,0.5338918325367459,0.5542196359864521,0.4848047742463436,0.5338918325367459,0.5542196359864521,0.4848047742463436,0.5338918325367459,0.5542196359864521,0.4848047742463436,0.4699666201108148,0.49428427036185435,2.0
38,-30.476845733559284,7.746323550899603,-0.6075443816813453,2.562655547718699,0.26339026690350337,3.0,LAS,0.6734138188888297,0.563107523563473,0.6223619118241664,0.6734138188888297,0.563107523563473,0.6223619118241664,0.6734138188888297,0.4487169934676246,0.6223619118241664,0.558106880023842,0.5059122585155489,0.5498117268519579,2.0
39,-29.50852855105202,-0.758682850150407,-0.2842562716253531,-0.2520773730731394,-0.32995356386405084,3.0,MIN,0.4326942593807326,0.4245263802411609,0.4483862221558581,0.4326942593807326,0.4245263802411609,0.4483862221558581,0.4025030193224286,0.4245263802411609,0.41866112779241954,0.4175986393515806,0.4245263802411609,0.4335236749741388,2.0
40,-28.503147341317444,-0.7990931455978572,-0.419474520636841,-0.1264063076877714,0.036613235695481756,3.0,NYL,0.0,0.5485627494864873,0.6207306069583367,0.0,0.5485627494864873,0.6207306069583367,0.0,0.5246722492867876,0.6207306069583367,0.0,0.5366174993866375,0.5332706095771226,3.0
41,-27.509681479221413,-0.7582102106756573,-0.29519066925132287,-0.3213498371793555,-0.4243813978886723,3.0,PHO,0.42236184250371744,0.44443035280596943,0.5172790272627192,0.42236184250371744,0.44443035280596943,0.5172790272627192,0.42236184250371744,0.44443035280596943,0.5172790272627192,0.42236184250371744,0.42851460686053966,0.4518487933001194,5.0
42,-26.499529899168927,-0.8403678401887776,-0.5143851712393233,0.3142340946838608,1.338144429586361,3.0,SAC,0.0,0.4494946893126054,0.5039131753714616,0.0,0.4494946893126054,0.5039131753714616,0.0,0.42672412179074787,0.5039131753714616,0.0,0.43810940555167666,0.4760651019035129,2.0
43,-25.509413564453077,-0.6929006903541297,-0.2989841923325502,-0.1678353340604223,-0.32234126008729214,3.0,SAS,0.5587191791430971,0.5348738239223466,0.5966075586334468,0.5587191791430971,0.5348738239223466,0.5966075586334468,0.49089422147752976,0.5266955001457992,0.5966075586334468,0.5248067003103134,0.5307846620340729,0.5048436471436448,2.0
44,-24.509377744579908,-0.7315621960682346,-0.3200209277394195,-0.3341812974722669,-0.5218106814627171,3.0,SEA,0.48324227906470985,0.5391646146181606,0.5414634460013922,0.48324227906470985,0.5391646146181606,0.5414634460013922,0.4290619050199429,0.5391646146181606,0.5414634460013922,0.4561520920423264,0.4598546054814425,0.4802710331525055,1.0
45,-23.503649049888505,-0.8535060929525989,-0.4594622079354191,-0.35694139612197895,-0.17311317882434882,3.0,WAS,0.0,0.5464872691229428,0.6256454124297821,0.0,0.5464872691229428,0.6256454124297821,0.0,0.5464872691229428,0.6256454124297821,0.0,0.5154595253057955,0.5315982149810623,4.0
46,-22.50875098870339,-0.6995586385559185,-0.30779776418089105,-0.25321417157343784,-0.4803040156304966,4.0,CHA,0.5228006423227676,0.4968736952489421,0.5479240975843163,0.5228006423227676,0.4968736952489421,0.5479240975843163,0.5057759890692418,0.4968736952489421,0.5479240975843163,0.5142883156960047,0.46795516020564154,0.5275727637918334,4.0
47,-21.48587083157195,-0.8199694822347411,0.6415882947376615,0.5787271121053683,1.5011563309923561,4.0,CON,0.0,0.536838760738498,0.4898296471209326,0.0,0.536838760738498,0.4898296471209326,0.0,0.43278938113998894,0.4898296471209326,0.0,0.48481407093924345,0.4898296471209326,5.0
48,-20.486017582749554,1.0213101381607288,1.3376441904518073,0.4391950944599714,-0.5387383404831948,4.0,DET,0.5943782677399538,0.5582991371947872,0.6017674134095753,0.5943782677399538,0.5582991371947872,0.6017674134095753,0.5943782677399538,0.5582991371947872,0.6017674134095753,0.5943782677399538,0.5077397263149819,0.5121645400099946,5.0
49,-19.507434421584854,0.9835845846873442,-0.5445185946609048,0.18575255883028305,-0.5727471706070663,4.0,HOU,0.5544551465897241,0.6632077727766866,0.5402494543976173,0.5544551465897241,0.6632077727766866,0.5402494543976173,0.5544551465897241,0.6632077727766866,0.5402494543976173,0.5100642225838375,0.5514022110157154,0.49880907484573667,0.0
50,-18.51056713858402,-0.7597209582093025,-0.37945058004270504,-0.34223903182055926,-0.5164764375360745,4.0,IND,0.4383105748043675,0.5091729423224732,0.5356045407840302,0.4383105748043675,0.5091729423224732,0.5356045407840302,0.4383105748043675,0.5091729423224732,0.5356045407840302,0.4383105748043675,0.4663345864106367,0.47347447032785095,1.0
51,-17.46641124059077,11.024712779470395,-0.8533642498340201,3.3447473810684123,-0.07898507306425957,4.0,LAS,0.7315092540864868,0.5615376428224202,0.603941253350863,0.7315092540864868,0.5615376428224202,0.603941253350863,0.7315092540864868,0.5615376428224202,0.603941253350863,0.7315092540864868,0.5211133452115658,0.5549790503821502,5.0
52,-16.509191205531465,-0.7404050513368258,-0.36668823466429334,-0.15725306463878322,-0.3704056308470458,4.0,MIN,0.4712793104659425,0.4942507967357661,0.5483558287385475,0.4712793104659425,0.4942507967357661,0.5483558287385475,0.4712793104659425,0.4942507967357661,0.5483558287385475,0.4712793104659425,0.4507481853416988,0.5483558287385475,5.0
53,-15.512503591405935,-0.7426124218758442,-0.4483720234195105,-0.36123911584301815,-0.5502412778008743,4.0,NYL,0.4420748575133777,0.49663390368549154,0.5123918522042921,0.4420748575133777,0.49663390368549154,0.5123918522042921,0.4420748575133777,0.43154781481399956,0.5123918522042921,0.4420748575133777,0.4640908592497456,0.49653783399789075,2.0
54,-14.509542760304791,-0.7959072543344077,-0.40620612974391535,-0.2671330698463091,-0.4110660213198915,4.0,PHO,0.381721580695795,0.5159038076102629,0.4688135449623364,0.381721580695795,0.5159038076102629,0.4688135449623364,0.381721580695795,0.5159038076102629,0.4688135449623364,0.381721580695795,0.4862496587510263,0.44793999988379385,4.0
55,-13.50993619781567,-0.8134041219539037,-0.4310390504999802,-0.20388100904008163,-0.2747682838049956,4.0,SAC,0.5017045053487641,0.5325720248332697,0.5618783030773556,0.5017045053487641,0.5325720248332697,0.5618783030773556,0.5017045053487641,0.5325720248332697,0.5618783030773556,0.5017045053487641,0.5325720248332697,0.5409823145663226,2.0
56,-12.508800627170922,-0.7112921837152218,-0.406936798738212,-0.1176341405389767,-0.38723098520813365,4.0,SAS,0.48061646381719747,0.5566491706514355,0.5349909480720367,0.48061646381719747,0.5566491706514355,0.5349909480720367,0.48061646381719747,0.5566491706514355,0.5349909480720367,0.48061646381719747,0.4729840022217048,0.4651628426126147,3.0
57,-11.500124223522342,-0.7532656975390745,-0.5966089962388201,1.1928108729288651,2.659799594776401,4.0,SEA,0.49382736169332064,0.4638030268109965,0.5162777742093855,0.49382736169332064,0.4638030268109965,0.5162777742093855,0.4483220307250043,0.44162851208224396,0.5162777742093855,0.4710746962091625,0.45271576944662023,0.47463897094640256,2.0
58,-10.497698827712465,-0.8739478424908667,-0.6277644976875463,0.52438748137687,1.5037552681847093,4.0,WAS,0.0,0.45415213542896504,0.47775941190565363,0.0,0.45415213542896504,0.47775941190565363,0.0,0.45415213542896504,0.47775941190565363,0.0,0.4415891691087384,0.45847653321725634,2.0
59,-9.512217398291027,-0.7385117067433812,-0.5489550467877522,-0.1940484998439477,-0.3980389716696897,5.0,CHA,0.44790291744592275,0.48813308041339865,0.48379202706660296,0.44790291744592275,0.48813308041339865,0.48379202706660296,0.44790291744592275,0.48813308041339865,0.48379202706660296,0.44790291744592275,0.4486188850514042,0.4658247886407139,3.0
60,-8.512477547845227,-0.7436954551271044,-0.5292740587707654,-0.24506734430665167,-0.46564166039693133,5.0,CON,0.48081501492418643,0.5566306919332304,0.5989188339375935,0.48081501492418643,0.5566306919332304,0.5989188339375935,0.48081501492418643,0.5566306919332304,0.4861423951987988,0.48081501492418643,0.5202919206085399,0.5425306145681962,2.0
61,-7.487140202247224,0.966541409499524,1.210454903054623,0.3954195787554638,-0.6015593635582422,5.0,DET,0.551478256347932,0.579148335405225,0.5436364715261573,0.551478256347932,0.579148335405225,0.5436364715261573,0.551478256347932,0.579148335405225,0.5436364715261573,0.551478256347932,0.48641696129131495,0.4811571654744944,1.0
62,-6.4982013079456395,0.9530319924879217,-0.545658041707562,0.9618806313477513,0.9349870723501011,5.0,HOU,0.4918676676773646,0.4672786949065041,0.5450549333188788,0.4918676676773646,0.4672786949065041,0.5450549333188788,0.4918676676773646,0.4672786949065041,0.5450549333188788,0.4918676676773646,0.44576965504550903,0.47795330236735123,3.0
63,-5.476895759329435,-0.7466745156698976,2.9570198836928827,-0.009898261775619404,-0.5211727841509416,5.0,IND,0.4313833725065638,0.4713035256429453,0.6030729320266951,0.4313833725065638,0.4713035256429453,0.6030729320266951,0.4313833725065638,0.4713035256429453,0.6030729320266951,0.4313833725065638,0.44596259380533276,0.5030829900654524,3.0
64,-4.4793037929526776,8.518243962460623,-0.39513014377101935,-3.473447599626729,0.9116150635482411,5.0,LAS,0.722388563161746,0.5411388604159897,0.5364948069426471,0.722388563161746,0.5411388604159897,0.5364948069426471,0.5720016809501755,0.5411388604159897,0.5364948069426471,0.6471951220559607,0.4750450833491278,0.5068894681295799,2.0
65,-3.5116883777121872,-0.7949114178973806,-0.5214375775948044,-0.2515820008959882,-0.481819258466986,5.0,MIN,0.4719870796541244,0.5427406232259688,0.5223801665293746,0.4719870796541244,0.5427406232259688,0.5223801665293746,0.4719870796541244,0.5427406232259688,0.5223801665293746,0.4719870796541244,0.4954656192798814,0.4938340100382708,4.0
66,-2.5113272746945112,-0.8208831543998013,-0.4923188666549472,-0.2651114245333201,-0.4376596551192188,5.0,NYL,0.4084182295613886,0.5290563246217022,0.5317872349287737,0.4084182295613886,0.5290563246217022,0.5317872349287737,0.4084182295613886,0.5290563246217022,0.44169257541042173,0.4084182295613886,0.46660638506293406,0.4867399051695977,4.0
67,-1.5121277409868754,-0.8091625299263578,-0.5767319810721974,-0.30676673157405,-0.4327501089375985,5.0,PHO,0.4541728849450699,0.44981375637996124,0.461438812233609,0.4541728849450699,0.44981375637996124,0.461438812233609,0.44845425910279546,0.44981375637996124,0.4325157072598368,0.4513135720239327,0.4212855906087311,0.44697725974672287,3.0
68,-0.5107267225617251,-0.8165702539625218,-0.5193391221988167,-0.20047797046820023,-0.4079325130635177,5.0,SAC,0.42572273786531334,0.544181353488032,0.5637745018240826,0.42572273786531334,0.544181353488032,0.5637745018240826,0.42572273786531334,0.544181353488032,0.5327223400903722,0.42572273786531334,0.4972051116105276,0.5482484209572274,4.0
69,0.5024184276961922,-0.8969523593155645,0.5913771766860327,-0.13994516557363917,-0.24558302770167573,5.0,SAS,0.568852044167911,0.5417394541943539,0.4758429742514758,0.568852044167911,0.5417394541943539,0.4758429742514758,0.4761352818126251,0.44294176222365256,0.4758429742514758,0.5224936629902681,0.4923406082090032,0.4364866638358796,2.0
70,1.4943134872283197,-0.78807063474945,-0.7241512089309974,0.7090860188897757,1.765532242346214,5.0,SEA,0.5626025626713524,0.5826905447238117,0.5819684500977804,0.5626025626713524,0.5826905447238117,0.5819684500977804,0.5042052934205732,0.5826905447238117,0.5766968293047728,0.5334039280459628,0.5826905447238117,0.5793326397012766,5.0
71,2.4886424289482205,-0.9037028640033786,-0.6039700176348678,-0.3309972754843828,-0.4066816784374295,5.0,WAS,0.4695945683587377,0.5365048776493608,0.5317417846325266,0.4695945683587377,0.5365048776493608,0.5317417846325266,0.4695945683587377,0.5365048776493608,0.5317417846325266,0.4695945683587377,0.45652220006175714,0.4986998359043527,2.0
72,3.4878527068226,-0.861074140247728,-0.677010507237031,-0.3361070042423199,-0.4935206475379186,6.0,CHA,0.4384761865282825,0.4191434749637591,0.48384547176475473,0.4384761865282825,0.4191434749637591,0.48384547176475473,0.41746861935040736,0.3447643760564382,0.4424473474880398,0.4279724029393449,0.38195392551009866,0.4631464096263973,4.0
73,4.490679441604892,-0.904937765264484,-0.6764863014566853,-0.30009655722923995,-0.38783819037836426,6.0,CHI,0.4403799830974686,0.5031378898464334,0.5128299577172515,0.4403799830974686,0.5031378898464334,0.5128299577172515,0.3955588111700038,0.5031378898464334,0.5128299577172515,0.4179693971337362,0.45552837732280343,0.46239305196321673,3.0
74,5.484798317255752,-0.806807768293393,-0.6864060391249627,-0.3002419093313862,-0.45194812882440843,6.0,CON,0.5401424996524936,0.5610624056175426,0.5407081590880574,0.5401424996524936,0.5610624056175426,0.5407081590880574,0.48048083665381397,0.5610624056175426,0.496026172223083,0.5103116681531538,0.5177588463909947,0.5183671656555702,4.0
75,6.49420191419207,0.8747952463589117,-0.680167974366386,0.17460651517380987,-0.6580083144345114,6.0,DET,0.5149497564701149,0.5581351957829802,0.5128299577172515,0.5149497564701149,0.5581351957829802,0.5128299577172515,0.5149497564701149,0.5581351957829802,0.5128299577172515,0.5149497564701149,0.5162110171096103,0.46690341987644474,2.0
76,7.5254591960105,0.9163194833416818,2.6917301511947413,0.31024486791957817,-0.79974641677054,6.0,HOU,0.5393546511722614,0.6451869217376693,0.5767010757727115,0.5393546511722614,0.6451869217376693,0.5767010757727115,0.5393546511722614,0.6451869217376693,0.5767010757727115,0.5393546511722614,0.5369327270713254,0.5249437221804971,1.0
77,8.554402681342564,-0.8142337444548599,6.206998309416611,0.2184408699978139,-0.47965975782571574,6.0,IND,0.4386799902111518,0.5641511857637602,0.5430681288860193,0.4386799902111518,0.5641511857637602,0.5430681288860193,0.4386799902111518,0.5641511857637602,0.5430681288860193,0.4386799902111518,0.48904848148962154,0.49899168755795853,2.0
78,9.54773310617008,11.131731372833213,0.7155972567873966,-3.711016833355887,2.4928248871375254,6.0,LAS,0.755777901283666,0.5228365891714462,0.5031820601559934,0.755777901283666,0.5228365891714462,0.5031820601559934,0.4653854980057639,0.43209275489989846,0.46615905319984025,0.6105816996447149,0.47746467203567233,0.4846705566779168,5.0
79,10.4864000261197,-0.8331006291544608,-0.6990079078316825,-0.34855625870869483,-0.579140491694959,6.0,MIN,0.44378816246042496,0.4206306257079029,0.4360100733801998,0.44378816246042496,0.4206306257079029,0.4360100733801998,0.44378816246042496,0.4119396413938763,0.40796775387809026,0.44378816246042496,0.4162851335508896,0.42198891362914503,3.0
80,11.484941860834564,-0.878371164286807,-0.7510904649902358,-0.4284838571279374,-0.6011196455025366,6.0,NYL,0.5283324069536502,0.5255094506154679,0.586777153098897,0.5283324069536502,0.5255094506154679,0.586777153098897,0.5283324069536502,0.5255094506154679,0.586777153098897,0.5283324069536502,0.49850289649796536,0.48565984858211303,4.0
81,12.497100705951658,-0.9616908911177613,-0.9873514635372785,0.4378811050390157,1.4299246183526062,6.0,PHO,0.0,0.4622535585835993,0.5498542926468686,0.0,0.4622535585835993,0.5498542926468686,0.0,0.4622535585835993,0.5498542926468686,0.0,0.43895188684052633,0.47180587226090587,4.0
82,13.493737817730208,-0.9606007690019398,-0.8220344936097582,-0.3121901071226096,-0.21476199145322186,6.0,SAC,0.0,0.5429551869829298,0.6090756224904871,0.0,0.5429551869829298,0.6090756224904871,0.0,0.5429551869829298,0.6090756224904871,0.0,0.5325413119060204,0.5746792736863874,2.0
83,14.487371632806571,-0.8847574381988521,-0.7489734565951577,-0.24861240147613672,-0.4340262185332136,6.0,SAS,0.373903428830978,0.42117715423214663,0.47068255704548534,0.373903428830978,0.42117715423214663,0.47068255704548534,0.373903428830978,0.42117715423214663,0.47068255704548534,0.373903428830978,0.41938832560961553,0.4317695582520285,1.0
84,15.50553781037121,-0.7990552451472042,1.0468233321602392,-0.10116420459179677,-0.5372267259537556,6.0,SEA,0.49124277243638537,0.4801490172518784,0.5636305279338387,0.49124277243638537,0.4801490172518784,0.5636305279338387,0.49124277243638537,0.4801490172518784,0.5636305279338387,0.4597687844845636,0.4801490172518784,0.4962998555588537,2.0
85,16.499329632096263,-0.9456136945921102,-0.8633139601280848,0.45136362451760625,1.3329944161697174,6.0,WAS,0.0,0.45832367798224416,0.5262850725520706,0.0,0.45832367798224416,0.5262850725520706,0.0,0.45832367798224416,0.5262850725520706,0.0,0.45832367798224416,0.4948208853240386,3.0
86,17.494720219731622,-0.9970836580855877,-0.8816662100568675,-0.26172731839518215,-0.11798142430815814,7.0,CHI,0.0,0.4342539772361037,0.4445863669908379,0.0,0.4342539772361037,0.4445863669908379,0.0,0.4342539772361037,0.4445863669908379,0.0,0.42184085457861614,0.4445863669908379,5.0
87,18.486388144782396,-0.8093373284943642,-0.7340312057583749,-0.27108351743321746,-0.5928301684498053,7.0,CON,0.5859005753905318,0.5496687389294224,0.5550614318970737,0.5859005753905318,0.5496687389294224,0.5550614318970737,0.5859005753905318,0.5496687389294224,0.5288191767970675,0.5859005753905318,0.4987932420421277,0.5419403043470705,3.0
88,19.520855013155476,-0.8498356328142797,2.712638166044183,0.012285799072932004,-0.488142663508916,7.0,DET,0.4239986533068374,0.5688474609181424,0.4511683603224372,0.4239986533068374,0.5688474609181424,0.4511683603224372,0.4239986533068374,0.5688474609181424,0.4257327703821887,0.4239986533068374,0.5109906261905302,0.43845056535231297,3.0
89,20.518871992932514,0.8983402884080202,1.6291371641502057,0.3661832297360447,-0.7022406168478853,7.0,HOU,0.5621921355969695,0.5514011442303133,0.5425285173269581,0.5621921355969695,0.5514011442303133,0.5425285173269581,0.5621921355969695,0.5343924518874907,0.5425285173269581,0.5621921355969695,0.542896798058902,0.502191625088437,3.0
90,21.555102429034598,-0.7490317861529621,6.117856338381512,0.35946449952286685,-0.5008794337385852,7.0,IND,0.43203948545237825,0.5515510479763024,0.5212910406417247,0.43203948545237825,0.5515510479763024,0.5212910406417247,0.43203948545237825,0.5515510479763024,0.5212910406417247,0.43203948545237825,0.5314169581425038,0.5153847654117,1.0
91,22.49235737658783,-0.8244051673433004,-0.7624732006309717,0.5118691655186351,0.9807945691135919,7.0,LAS,0.514246955338767,0.5323149015668822,0.5660849648423273,0.514246955338767,0.5323149015668822,0.5660849648423273,0.4391773105922871,0.5323149015668822,0.5660849648423273,0.47671213296552706,0.4846453254316623,0.5136082326639813,2.0
92,23.508979612514313,-1.006537231443999,0.7655211844134081,-0.3207154947754775,-0.3318351670902131,7.0,MIN,0.0,0.42593943678465074,0.48303003438724434,0.0,0.42593943678465074,0.48303003438724434,0.0,0.42593943678465074,0.48303003438724434,0.0,0.42314100110208175,0.4548122210145215,4.0
93,24.493579855614733,0.7549422180641138,-0.8533649418521743,0.024361226665812075,-0.7639773858273046,7.0,NYL,0.4633354086070416,0.4473585935018439,0.560950941360813,0.4633354086070416,0.4473585935018439,0.560950941360813,0.4633354086070416,0.4473585935018439,0.560950941360813,0.4633354086070416,0.4226769049702457,0.47911772269430397,5.0
94,25.492325781313575,-0.9126747347576655,-0.863811206260031,0.47041556371937077,1.073624526668868,7.0,PHO,0.5453071650485284,0.44516450219754955,0.4985655500057132,0.5453071650485284,0.44516450219754955,0.4985655500057132,0.42376635988268385,0.42259446413153917,0.4985655500057132,0.4845367624656061,0.4338794831645444,0.4641179068585914,0.0
95,26.498281088255414,-0.9853795330808359,-1.011221207289887,0.47053181972836317,1.3508955189374487,7.0,SAC,0.0,0.5680613637548075,0.5770341250132186,0.0,0.5680613637548075,0.5770341250132186,0.0,0.5680613637548075,0.5770341250132186,0.0,0.5369848993760942,0.5300159071160367,0.0
96,27.493392034592258,0.4431972857924144,-0.7555743057427345,-0.6980130896414527,-0.30202325170924604,7.0,SAS,0.5963162701390524,0.4621574419822122,0.4558563922225082,0.5963162701390524,0.4621574419822122,0.4558563922225082,0.418931628203675,0.4621574419822122,0.4558563922225082,0.5076239491713637,0.4310191590817493,0.44074099991740284,1.0
97,28.509622771307818,-0.8349175031015155,0.22047885342617263,1.29937332489749,2.561654441752877,7.0,SEA,0.5092607850961981,0.4543451918560035,0.5712417116278623,0.5092607850961981,0.4543451918560035,0.5712417116278623,0.5092607850961981,0.41440229800450396,0.5712417116278623,0.4750252019806232,0.4343737449302537,0.5001591804139705,1.0
98,29.492615846717115,-0.9792022642746248,-0.909586343716347,0.4084567960741758,1.1235547962961276,7.0,WAS,0.4542713352136155,0.5683635797617472,0.5536902852759431,0.4542713352136155,0.5683635797617472,0.5536902852759431,0.4542713352136155,0.5683635797617472,0.5536902852759431,0.4542713352136155,0.46501134084814033,0.503192318807111,2.0
99,30.500344161620255,-1.017872628209418,-1.0107651950148824,1.1157966407837712,2.6448188810891793,8.0,ATL,0.4346049484512201,0.5316457542902108,0.5419428730743279,0.4346049484512201,0.5316457542902108,0.5419428730743279,0.4346049484512201,0.5316457542902108,0.5419428730743279,0.4346049484512201,0.4563725502627589,0.49692069718251614,2.0
100,31.487055021016115,-0.9945263703285595,-0.8499163968437117,-0.353063982328923,-0.5007398830792292,8.0,CHI,0.5296923174331474,0.4554393807006679,0.5091199995974404,0.5296923174331474,0.4554393807006679,0.5091199995974404,0.5296923174331474,0.4554393807006679,0.47198037484831357,0.5296923174331474,0.4345393240474305,0.49055018722287697,3.0
101,32.493235895382426,-1.0109494002259636,-0.982989298501758,-0.2642197236877733,-0.20956683068027804,8.0,CON,0.0,0.5361540141533622,0.5530122081075945,0.0,0.5361540141533622,0.5530122081075945,0.0,0.5361540141533622,0.5530122081075945,0.0,0.4943789222754102,0.5414280290680221,6.0
102,33.52017081721365,-0.8472808563284339,2.578278266066475,-0.02247760354696599,-0.641912488614892,8.0,DET,0.537190630117119,0.5680194138592556,0.5958438582531183,0.537190630117119,0.5680194138592556,0.5958438582531183,0.537190630117119,0.5680194138592556,0.5958438582531183,0.537190630117119,0.48255791418248245,0.49485793298009667,6.0
103,34.51892903448264,0.8344216975186468,1.5144253255750302,0.34011589918100843,-0.7597118282215208,8.0,HOU,0.4955546569328021,0.4668032095543845,0.5957652647288691,0.4955546569328021,0.4668032095543845,0.5957652647288691,0.4955546569328021,0.4411387891171835,0.5957652647288691,0.4955546569328021,0.453970999335784,0.4700290563919225,4.0
104,35.55946332555419,-0.782732424806404,5.939112992385533,1.0664184721581709,0.949769963201189,8.0,IND,0.5537811625629876,0.5811487741322662,0.5632988067335546,0.5537811625629876,0.5811487741322662,0.5632988067335546,0.5537811625629876,0.5811487741322662,0.5632988067335546,0.4793514023156306,0.48713778696203874,0.5033370338876446,1.0
105,36.53954321063937,15.769206670110412,-1.6853357268691316,3.5431434574217993,-2.3265550931969274,8.0,LAS,0.7822601950261283,0.555261874587096,0.5544355290546461,0.7822601950261283,0.555261874587096,0.5544355290546461,0.7822601950261283,0.555261874587096,0.5544355290546461,0.5930746293073229,0.4780387248943179,0.4473228442784622,3.0
106,37.48702506741048,-0.9188567475703975,-0.916739085536167,-0.26422161877341815,-0.5522701254858035,8.0,MIN,0.4368616677490399,0.5049918315434664,0.5448279606529653,0.4368616677490399,0.5049918315434664,0.5448279606529653,0.4368616677490399,0.5049918315434664,0.5448279606529653,0.4368616677490399,0.4463652817860196,0.46369254227957885,4.0
107,38.4919026797619,0.4000384403513452,-0.9077908042525582,-0.68239843721559,-0.31386000501730804,8.0,NYL,0.5471851407053736,0.5488584608276056,0.5198483418021481,0.5471851407053736,0.5488584608276056,0.5198483418021481,0.4561674676133136,0.5488584608276056,0.5198483418021481,0.5016763041593436,0.5203576209398377,0.472904831451643,3.0
108,39.49120728357331,-1.0111277418137607,-1.0405718512817974,0.43219331715440434,1.1356462213052314,8.0,PHO,0.49635877057805666,0.523029417190162,0.6033450532398432,0.49635877057805666,0.523029417190162,0.6033450532398432,0.49635877057805666,0.523029417190162,0.6033450532398432,0.49635877057805666,0.523029417190162,0.5557514672918846,5.0
109,40.49307220846633,-1.048214840377444,-1.0522972129850328,-0.32190148582674794,-0.2730582936685254,8.0,SAC,0.0,0.5370522482645601,0.5669215810487626,0.0,0.5370522482645601,0.5669215810487626,0.0,0.5370522482645601,0.5669215810487626,0.0,0.47624275910730024,0.5443896314922706,4.0
110,41.49207982760983,0.7584867062784456,-1.0012826089012858,0.12831017964210392,-0.7949887131009873,8.0,SAS,0.5744807052096407,0.5447040161031608,0.5532466543348445,0.5744807052096407,0.5447040161031608,0.5532466543348445,0.5744807052096407,0.4334953717118128,0.5532466543348445,0.4927295653666331,0.48909969390748675,0.5209272951231573,3.0
111,42.488330804297654,-0.9587671743641755,-0.9487507834987615,-0.05662112964451957,-0.1713094899051319,8.0,SEA,0.5681161050408783,0.5316457542902108,0.5435107335033439,0.5681161050408783,0.5316457542902108,0.5435107335033439,0.5681161050408783,0.5316457542902108,0.5264717885174949,0.5681161050408783,0.4719185604128824,0.5349912610104194,3.0
112,43.487816561702765,-1.1041231247361136,-1.262906699583651,-0.535875702975583,-0.3829300346284657,8.0,WAS,0.0,0.6573260943195606,0.5383414763797595,0.0,0.6573260943195606,0.5383414763797595,0.0,0.6573260943195606,0.5383414763797595,0.0,0.48701424068727645,0.4661678560768876,3.0
113,44.49275720435623,0.7312238357152494,-1.0395250355405687,0.10438223668275923,-0.796530179020768,9.0,ATL,0.48803599092817623,0.45422146106942507,0.44534359581761745,0.48803599092817623,0.45422146106942507,0.44534359581761745,0.48803599092817623,0.45422146106942507,0.44534359581761745,0.48803599092817623,0.4394659593609426,0.443316174102919,2.0
114,45.4868767765514,-0.9735472628363598,-0.9346585929014176,-0.40240304318582937,-0.7287880228272846,9.0,CHI,0.3969863596100948,0.44712691832808177,0.5472914876170574,0.3969863596100948,0.44712691832808177,0.5472914876170574,0.3969863596100948,0.44712691832808177,0.5472914876170574,0.3969863596100948,0.4089251486554737,0.49387147760951966,2.0
115,46.49143587312493,-1.075870938402321,-1.1144102700450882,-0.4488005921414331,-0.41347038676259307,9.0,CON,0.0,0.5320808882390153,0.5636967420650794,0.0,0.5320808882390153,0.5636967420650794,0.0,0.5320808882390153,0.5636967420650794,0.0,0.5150733355968642,0.5136910188565629,4.0
116,47.49339843359907,-0.9913380450302283,-0.013684582563804767,-0.17555105984381605,-0.5011239677199396,9.0,DET,0.5527229870840784,0.5280682504517955,0.5961509250782651,0.5527229870840784,0.5280682504517955,0.5961509250782651,0.44726819289988407,0.495016882672865,0.5961509250782651,0.49999558999198124,0.5115425665623302,0.4740722634998617,3.0
117,48.57455850022743,-0.8344612358699826,7.507609418963001,1.1311292134914128,0.9292566686223036,9.0,IND,0.5268101272978812,0.6155096126116304,0.522271401598744,0.5268101272978812,0.6155096126116304,0.522271401598744,0.4802542860320438,0.6155096126116304,0.522271401598744,0.5035322066649626,0.5702717286147533,0.44847697649569024,2.0
118,49.568106396474406,12.315430994757527,2.605462808082629,-4.516884991433888,1.5109523511262628,9.0,LAS,0.7808206794911887,0.5667578803460733,0.5384269605350465,0.7808206794911887,0.5667578803460733,0.5384269605350465,0.4267546083527403,0.5667578803460733,0.5384269605350465,0.6037876439219645,0.5210646536544038,0.49024799160119975,1.0
119,50.5048961956788,-0.9070155586596548,0.1552973473954805,0.5442908238582741,0.9035248657242583,9.0,MIN,0.47200321241150267,0.4250114067514144,0.508725409976323,0.47200321241150267,0.4250114067514144,0.508725409976323,0.47200321241150267,0.42019930253232846,0.508725409976323,0.4565497045098821,0.42260535464187143,0.4929779281895324,4.0
120,51.492621102750405,0.708239281014074,-1.0788817769667092,0.03520905742995401,-0.8668723953521671,9.0,NYL,0.5907212435683236,0.5405978471624587,0.5545454119097817,0.5907212435683236,0.5405978471624587,0.5545454119097817,0.5907212435683236,0.5405978471624587,0.5545454119097817,0.5907212435683236,0.5093164133117618,0.532920866225895,1.0
121,52.49748834700119,-1.078278913896622,-1.2028366119588116,0.3843395986047915,1.1879600484303994,9.0,PHO,0.0,0.55685001037882,0.602444294817114,0.0,0.55685001037882,0.602444294817114,0.0,0.47890463868895616,0.602444294817114,0.0,0.5178773245338881,0.48612241841875614,1.0
122,53.4878934019067,-1.1179893759245783,-1.3467772558307343,-0.44762572240658943,-0.3396966374366424,9.0,SAC,0.0,0.6253960921028369,0.5675749772697578,0.0,0.6253960921028369,0.5675749772697578,0.0,0.6253960921028369,0.5675749772697578,0.0,0.5418184636417803,0.5308124749694249,2.0
123,54.48688776186272,-0.5779026973770278,-1.0800753629269946,0.6045882868759037,-1.0527543573766858,9.0,SAS,0.5473274784961487,0.5306260837667774,0.5951354463062826,0.5473274784961487,0.5306260837667774,0.5951354463062826,0.5194085095964335,0.5306260837667774,0.5951354463062826,0.5333679940462911,0.5306260837667774,0.5404921696392442,1.0
124,55.4980224687887,-0.969818702732232,0.1362110185416989,-0.1776369468082094,-0.5773696247335633,9.0,SEA,0.5411052600714953,0.4985456637949669,0.5369310554287641,0.5411052600714953,0.4985456637949669,0.5369310554287641,0.5411052600714953,0.39032388565799797,0.5369310554287641,0.5033790779239212,0.4444347747264824,0.49158890544099254,1.0
125,56.485499034876796,-1.0357756200350425,-1.077869157527376,-0.364937309093968,-0.6470888054422093,9.0,WAS,0.4502883728764565,0.4335580291050162,0.4690406216671578,0.4502883728764565,0.4335580291050162,0.4690406216671578,0.4502883728764565,0.4335580291050162,0.4690406216671578,0.4502883728764565,0.42094532594910117,0.43644542226222205,1.0
126,57.502329438745825,-0.9642555771197687,0.6260314927992162,-0.11109767815787346,-0.6055965145451114,10.0,ATL,0.48677486012393817,0.5558171352118115,0.5261167126501717,0.48677486012393817,0.5558171352118115,0.5261167126501717,0.458852961608993,0.5558171352118115,0.5261167126501717,0.4728139108664656,0.5319873637110079,0.4925058593181736,0.0
127,58.488468355063105,0.32294512013397053,-1.1590475675978005,-0.8537244686752965,-0.49308086384152766,10.0,CHI,0.5427695537030587,0.510346305851909,0.5162712227359383,0.5427695537030587,0.510346305851909,0.5162712227359383,0.43028057729929725,0.510346305851909,0.45719932834975574,0.48652506550117797,0.43592368415963006,0.486735275542847,4.0
128,59.496230147863564,-1.1053987925921083,-1.2891741095447156,0.3495814316348322,1.1761915208523883,10.0,CON,0.0,0.43328251170227094,0.45791790351453415,0.0,0.43328251170227094,0.45791790351453415,0.0,0.42999279301515597,0.45791790351453415,0.0,0.43163765235871343,0.4508467134875677,6.0
129,60.48974036062799,-1.1546708987025764,-1.3400958027496586,-0.4628217807269213,-0.4111177709812985,10.0,DET,0.0,0.4771621455255192,0.5669709736012348,0.0,0.4771621455255192,0.5669709736012348,0.0,0.4771621455255192,0.5669709736012348,0.0,0.43639373611446497,0.5397450139146608,9.0
130,61.54879355670071,-0.8820311662727603,4.9534217861571985,0.21796911226054586,-0.5912787670267718,10.0,IND,0.5862259967279366,0.6270534138352694,0.5899620509214432,0.5862259967279366,0.6270534138352694,0.5899620509214432,0.5703089940273016,0.4188643748928884,0.5899620509214432,0.5782674953776191,0.5229588943640788,0.5399805482434028,1.0
131,62.524782912686085,-1.0710248899317567,2.1421378809230096,0.008661607770286479,-0.2628316101440067,10.0,LAS,0.0,0.5722979325372894,0.569201117429396,0.0,0.5722979325372894,0.569201117429396,0.0,0.5722979325372894,0.569201117429396,0.0,0.5562422358684156,0.49092862669738513,3.0
132,63.491503072511,-1.1158092263018924,-1.2916375096589126,-0.2767761876304938,-0.2537650495966047,10.0,MIN,0.0,0.4563463029111767,0.5888308848038961,0.0,0.4563463029111767,0.5888308848038961,0.0,0.4563463029111767,0.5888308848038961,0.0,0.44298892737828405,0.5040612372744098,4.0
133,64.49126473013473,-1.0037439620554418,-1.1545866643834626,0.4517940074419594,0.8899218993396619,10.0,NYL,0.43409827971014114,0.4359646475890463,0.559141499372886,0.43409827971014114,0.4359646475890463,0.559141499372886,0.42265044382908185,0.4359646475890463,0.559141499372886,0.4283743617696115,0.4359646475890463,0.4998501450752846,5.0
134,65.4888161372944,-1.0106049669989312,-1.222715079852838,0.406718366992616,0.9149894498205708,10.0,PHO,0.5559712889034831,0.5844467795115259,0.5986309770649554,0.5559712889034831,0.5844467795115259,0.5986309770649554,0.5559712889034831,0.45165888987110525,0.5986309770649554,0.5559712889034831,0.5180528346913156,0.5531593207564486,2.0
135,66.49632581699518,0.6862288451115283,-1.232509483747523,0.8102132808551684,0.6243700350762602,10.0,SAS,0.5314617859955314,0.5297436487832456,0.54985337218599,0.5314617859955314,0.5297436487832456,0.54985337218599,0.5314617859955314,0.5297436487832456,0.54985337218599,0.5314617859955314,0.5297436487832456,0.49022475018644973,4.0
136,67.50153978066858,-1.0618092871797642,0.537245631081769,-0.16387839493876272,-0.5568676742160847,10.0,SEA,0.5221825699650765,0.548351105176892,0.5939487991650946,0.5221825699650765,0.548351105176892,0.5939487991650946,0.5221825699650765,0.548351105176892,0.5939487991650946,0.5221825699650765,0.5425903820784274,0.5188524081993684,3.0
137,68.48766072054049,-1.006223530670095,-1.1829407521608408,-0.08604632451747332,-0.2837236773673667,10.0,WAS,0.4893482192466445,0.5179725752083036,0.49413386282874894,0.4893482192466445,0.5179725752083036,0.49413386282874894,0.4893482192466445,0.5179725752083036,0.4550457748551409,0.4893482192466445,0.4609805444790771,0.47458981884194495,5.0
