,year,tmID,franchID,confID,rank,firstRound,semis,finals,o_fga,o_fta,o_3pa,o_oreb,o_dreb,o_asts,o_pf,o_stl,o_to,o_blk,d_fga,d_fta,d_3pa,d_oreb,d_dreb,d_asts,d_pf,d_stl,d_to,d_blk,tmORB,tmDRB,tmTRB,opptmORB,opptmDRB,opptmTRB,won,confW,min,attend,label,o_3prate,d_3prate,o_ftrate,d_ftrate,o_fgrate,d_fgrate,coach_won_rate,coach_total_games,cumulative_coach_awards,coach_games_played,won_percentage_year_1,won_percentage_year_2,won_percentage_year_3,won_percentage_year_4,won_percentage_year_5,avg_win_last_3_years
0,1,LAS,LAS,0,1.0,1,0,0,1956.0,693.0,452.0,308.0,783.0,586.0,705.0,271.0,466.0,156.0,1963.0,692.0,413.0,300.0,678.0,445.0,650.0,243.0,485.0,105.0,0.0,0.0,0.0,0.0,0.0,0.0,0.875,0.8095238095238095,6450.0,105005.0,1.0,0.33185840707964603,0.29539951573849876,0.7864357864357865,0.7153179190751445,0.4401840490797546,0.39531329597554765,0.875,32.0,1.0,32.0,0.5,0.5,0.5,0.5,0.5,0.875
1,1,NYL,NYL,1,1.0,1,1,0,1815.0,567.0,396.0,288.0,652.0,477.0,617.0,246.0,474.0,102.0,1822.0,590.0,420.0,320.0,647.0,462.0,645.0,223.0,479.0,94.0,0.0,0.0,0.0,0.0,0.0,0.0,0.625,0.6666666666666666,6425.0,231962.0,1.0,0.3409090909090909,0.2761904761904762,0.7566137566137566,0.7406779661016949,0.43636363636363634,0.4066959385290889,0.625,32.0,0.0,32.0,0.5,0.5,0.5,0.5,0.5,0.625
2,1,CLE,CLE,1,2.0,1,0,0,1828.0,570.0,407.0,331.0,603.0,539.0,647.0,259.0,538.0,91.0,1761.0,583.0,368.0,277.0,596.0,540.0,693.0,305.0,552.0,95.0,0.0,0.0,0.0,0.0,0.0,0.0,0.53125,0.6190476190476191,6500.0,137532.0,1.0,0.3464373464373464,0.3233695652173913,0.7473684210526316,0.7804459691252144,0.4425601750547046,0.4395229982964225,0.53125,32.0,0.0,32.0,0.5,0.5,0.5,0.5,0.5,0.53125
3,1,HOU,HOU,0,2.0,1,1,1,1894.0,634.0,491.0,273.0,724.0,494.0,554.0,284.0,440.0,104.0,1938.0,508.0,418.0,290.0,612.0,473.0,648.0,233.0,480.0,85.0,0.0,0.0,0.0,0.0,0.0,0.0,0.84375,0.8095238095238095,6475.0,196077.0,1.0,0.35030549898167007,0.2966507177033493,0.8217665615141956,0.7283464566929134,0.47043294614572334,0.4055727554179567,0.84375,32.0,0.0,32.0,0.5,0.5,0.5,0.5,0.5,0.84375
4,1,ORL,CON,1,3.0,0,0,0,1911.0,546.0,424.0,319.0,606.0,473.0,583.0,255.0,486.0,130.0,1964.0,495.0,450.0,348.0,669.0,536.0,637.0,264.0,500.0,108.0,0.0,0.0,0.0,0.0,0.0,0.0,0.5,0.6190476190476191,6500.0,117810.0,0.0,0.3419811320754717,0.34,0.7271062271062271,0.7636363636363637,0.4358974358974359,0.4332993890020367,0.5,32.0,0.0,32.0,0.5,0.5,0.5,0.5,0.5,0.5
5,1,SAC,SAC,0,3.0,0,0,0,1993.0,650.0,459.0,388.0,650.0,567.0,571.0,332.0,458.0,157.0,1918.0,544.0,418.0,320.0,631.0,503.0,600.0,226.0,524.0,116.0,0.0,0.0,0.0,0.0,0.0,0.0,0.65625,0.6190476190476191,6400.0,126841.0,1.0,0.3093681917211329,0.3444976076555024,0.6907692307692308,0.7536764705882353,0.43953838434520826,0.42283628779979143,0.24609375,12.0,0.0,32.0,0.5,0.5,0.5,0.5,0.5,0.65625
6,1,PHO,PHO,0,4.0,0,0,0,1800.0,661.0,394.0,275.0,619.0,465.0,630.0,285.0,429.0,91.0,1828.0,574.0,416.0,334.0,635.0,486.0,699.0,224.0,531.0,91.0,0.0,0.0,0.0,0.0,0.0,0.0,0.625,0.5238095238095238,6425.0,161075.0,0.0,0.3147208121827411,0.3245192307692308,0.7760968229954615,0.7334494773519163,0.4461111111111111,0.42286652078774617,0.0,0.0,0.0,32.0,0.5,0.5,0.5,0.5,0.5,0.625
7,1,WAS,WAS,1,4.0,0,0,0,1813.0,578.0,335.0,300.0,646.0,521.0,597.0,245.0,506.0,126.0,1875.0,555.0,397.0,299.0,612.0,513.0,595.0,261.0,456.0,102.0,0.0,0.0,0.0,0.0,0.0,0.0,0.4375,0.6190476190476191,6400.0,244134.0,0.0,0.3253731343283582,0.37531486146095716,0.6972318339100346,0.6882882882882883,0.45890788747931605,0.45066666666666666,0.0,0.0,0.0,32.0,0.5,0.5,0.5,0.5,0.5,0.4375
8,1,DET,DET,1,5.0,0,0,0,1980.0,699.0,273.0,341.0,644.0,503.0,701.0,260.0,530.0,88.0,1967.0,652.0,372.0,331.0,640.0,513.0,672.0,284.0,543.0,148.0,0.0,0.0,0.0,0.0,0.0,0.0,0.4375,0.47619047619047616,6425.0,107289.0,0.0,0.2783882783882784,0.3655913978494624,0.7424892703862661,0.7361963190184049,0.4383838383838384,0.46009150991357395,0.0,0.0,0.0,32.0,0.5,0.5,0.5,0.5,0.5,0.4375
9,1,UTA,SAS,0,5.0,0,0,0,1896.0,790.0,262.0,348.0,732.0,522.0,698.0,214.0,544.0,157.0,1964.0,721.0,448.0,313.0,598.0,503.0,702.0,301.0,437.0,112.0,0.0,0.0,0.0,0.0,0.0,0.0,0.5625,0.6190476190476191,6400.0,103442.0,1.0,0.33587786259541985,0.3482142857142857,0.7708860759493671,0.7364771151178918,0.4525316455696203,0.4378818737270876,0.228515625,13.0,0.0,32.0,0.5,0.5,0.5,0.5,0.5,0.5625
10,1,MIA,MIA,1,6.0,0,0,0,1774.0,664.0,310.0,365.0,595.0,415.0,707.0,272.0,524.0,88.0,1676.0,627.0,315.0,275.0,648.0,416.0,661.0,247.0,528.0,118.0,0.0,0.0,0.0,0.0,0.0,0.0,0.40625,0.42857142857142855,6475.0,127721.0,1.0,0.27419354838709675,0.37142857142857144,0.6807228915662651,0.7240829346092504,0.3647125140924464,0.4266109785202864,0.40625,32.0,0.0,32.0,0.5,0.5,0.5,0.5,0.5,0.40625
11,1,MIN,MIN,0,6.0,0,0,0,1831.0,592.0,571.0,258.0,612.0,495.0,690.0,237.0,497.0,63.0,1758.0,702.0,481.0,300.0,677.0,472.0,707.0,275.0,547.0,130.0,0.0,0.0,0.0,0.0,0.0,0.0,0.46875,0.23809523809523808,6425.0,116638.0,0.0,0.3572679509632224,0.340956340956341,0.7584459459459459,0.7321937321937322,0.4205352266521027,0.42946530147895334,0.46875,32.0,0.0,32.0,0.5,0.5,0.5,0.5,0.5,0.46875
12,1,IND,IND,1,7.0,0,0,0,1838.0,569.0,521.0,285.0,647.0,501.0,642.0,271.0,518.0,126.0,1868.0,669.0,358.0,321.0,633.0,528.0,612.0,267.0,476.0,75.0,0.0,0.0,0.0,0.0,0.0,0.0,0.28125,0.3333333333333333,6425.0,180270.0,0.0,0.3704414587332054,0.30446927374301674,0.7521968365553603,0.7518684603886397,0.43307943416757344,0.44914346895074947,0.0,0.0,0.0,32.0,0.5,0.5,0.5,0.5,0.5,0.28125
13,1,POR,POR,0,7.0,0,0,0,1828.0,697.0,433.0,309.0,627.0,480.0,761.0,265.0,593.0,93.0,1847.0,766.0,447.0,307.0,646.0,487.0,729.0,277.0,531.0,130.0,0.0,0.0,0.0,0.0,0.0,0.0,0.3125,0.19047619047619047,6525.0,133076.0,0.0,0.3348729792147806,0.33557046979865773,0.7001434720229556,0.7532637075718016,0.4163019693654267,0.42663779101245264,0.3125,32.0,0.0,32.0,0.5,0.5,0.5,0.5,0.5,0.3125
14,1,CHA,CHA,1,8.0,0,0,0,1903.0,577.0,386.0,305.0,630.0,551.0,713.0,222.0,496.0,90.0,1930.0,716.0,423.0,326.0,664.0,596.0,596.0,259.0,426.0,123.0,0.0,0.0,0.0,0.0,0.0,0.0,0.25,0.23809523809523808,6475.0,90963.0,1.0,0.3393782383419689,0.3262411347517731,0.7469670710571924,0.744413407821229,0.42669469259064635,0.455440414507772,0.28125,32.0,0.0,32.0,0.5,0.5,0.5,0.5,0.5,0.25
15,1,SEA,SEA,0,8.0,0,0,0,1740.0,561.0,364.0,256.0,537.0,390.0,648.0,255.0,525.0,93.0,1721.0,654.0,334.0,288.0,721.0,506.0,618.0,284.0,529.0,123.0,0.0,0.0,0.0,0.0,0.0,0.0,0.1875,0.19047619047619047,6475.0,142594.0,0.0,0.29945054945054944,0.3502994011976048,0.6755793226381461,0.7614678899082569,0.38333333333333336,0.45206275421266706,0.1875,32.0,0.0,32.0,0.5,0.5,0.5,0.5,0.5,0.1875
16,2,CLE,CLE,1,1.0,0,0,0,1770.0,505.0,335.0,297.0,662.0,503.0,532.0,267.0,444.0,83.0,1745.0,444.0,417.0,297.0,594.0,434.0,597.0,225.0,496.0,127.0,0.0,0.0,0.0,0.0,0.0,0.0,0.6875,0.7142857142857143,6425.0,147373.0,0.0,0.3164179104477612,0.31654676258992803,0.7366336633663366,0.7387387387387387,0.43107344632768363,0.3805157593123209,0.609375,64.0,1.0,32.0,0.53125,0.5,0.5,0.5,0.5,0.609375
17,2,LAS,LAS,0,1.0,1,1,1,2031.0,594.0,436.0,350.0,755.0,596.0,616.0,281.0,438.0,138.0,1985.0,547.0,603.0,294.0,627.0,538.0,591.0,234.0,453.0,114.0,0.0,0.0,0.0,0.0,0.0,0.0,0.875,0.9047619047619048,6475.0,148446.0,1.0,0.3669724770642202,0.31840796019900497,0.7558922558922558,0.7605118829981719,0.45100935499753814,0.3924433249370277,0.875,64.0,1.0,32.0,0.875,0.5,0.5,0.5,0.5,0.875
18,2,NYL,NYL,1,2.0,1,0,0,1828.0,500.0,421.0,255.0,660.0,553.0,616.0,265.0,437.0,82.0,1759.0,640.0,394.0,304.0,679.0,430.0,600.0,223.0,496.0,76.0,0.0,0.0,0.0,0.0,0.0,0.0,0.65625,0.6190476190476191,6400.0,250565.0,1.0,0.38004750593824227,0.33756345177664976,0.672,0.7203125,0.45568927789934355,0.4229675952245594,0.640625,64.0,0.0,32.0,0.625,0.5,0.5,0.5,0.5,0.640625
19,2,SAC,SAC,0,2.0,1,0,0,1974.0,618.0,423.0,374.0,723.0,558.0,588.0,276.0,494.0,158.0,2003.0,578.0,400.0,343.0,662.0,496.0,616.0,261.0,481.0,143.0,0.0,0.0,0.0,0.0,0.0,0.0,0.625,0.6190476190476191,6525.0,133603.0,0.0,0.38534278959810875,0.29,0.7394822006472492,0.7179930795847751,0.42401215805471126,0.40139790314528206,0.7,20.0,0.0,32.0,0.65625,0.5,0.5,0.5,0.5,0.640625
20,2,MIA,MIA,1,3.0,0,0,0,1826.0,469.0,295.0,292.0,651.0,467.0,602.0,300.0,448.0,153.0,1725.0,588.0,395.0,301.0,667.0,388.0,538.0,259.0,512.0,87.0,0.0,0.0,0.0,0.0,0.0,0.0,0.625,0.6666666666666666,6575.0,141717.0,0.0,0.3152542372881356,0.3037974683544304,0.7590618336886994,0.7142857142857143,0.4129244249726177,0.3936231884057971,0.515625,64.0,0.0,32.0,0.40625,0.5,0.5,0.5,0.5,0.515625
21,2,UTA,SAS,0,3.0,0,0,0,1849.0,675.0,244.0,295.0,775.0,524.0,622.0,202.0,493.0,156.0,1976.0,660.0,429.0,344.0,630.0,478.0,645.0,275.0,390.0,148.0,0.0,0.0,0.0,0.0,0.0,0.0,0.59375,0.5238095238095238,6475.0,110507.0,1.0,0.319672131147541,0.2913752913752914,0.7511111111111111,0.740909090909091,0.43861546782044347,0.3992914979757085,0.7368421052631579,19.0,0.0,32.0,0.5625,0.5,0.5,0.5,0.5,0.578125
22,2,CHA,CHA,1,4.0,1,1,0,1780.0,528.0,428.0,309.0,639.0,467.0,605.0,217.0,474.0,114.0,1846.0,562.0,369.0,344.0,567.0,443.0,579.0,257.0,447.0,124.0,0.0,0.0,0.0,0.0,0.0,0.0,0.5625,0.7142857142857143,6500.0,105525.0,1.0,0.3574766355140187,0.3089430894308943,0.7765151515151515,0.7669039145907474,0.4191011235955056,0.39653304442036835,0.421875,64.0,0.0,32.0,0.25,0.5,0.5,0.5,0.5,0.40625
23,2,HOU,HOU,0,4.0,0,0,0,1908.0,539.0,435.0,348.0,710.0,426.0,509.0,251.0,436.0,95.0,1883.0,504.0,456.0,297.0,685.0,452.0,561.0,248.0,433.0,120.0,0.0,0.0,0.0,0.0,0.0,0.0,0.59375,0.6190476190476191,6450.0,181115.0,1.0,0.31724137931034485,0.3333333333333333,0.7699443413729128,0.7182539682539683,0.3915094339622642,0.39298990971853426,0.71875,64.0,0.0,32.0,0.84375,0.5,0.5,0.5,0.5,0.71875
24,2,ORL,CON,1,5.0,0,0,0,1914.0,587.0,532.0,356.0,614.0,452.0,643.0,320.0,532.0,125.0,1831.0,605.0,438.0,316.0,659.0,534.0,600.0,298.0,546.0,114.0,0.0,0.0,0.0,0.0,0.0,0.0,0.40625,0.42857142857142855,6450.0,118874.0,0.0,0.32706766917293234,0.3584474885844749,0.7325383304940375,0.7206611570247934,0.4012539184952978,0.440196613872201,0.0,0.0,0.0,32.0,0.5,0.5,0.5,0.5,0.5,0.453125
25,2,PHO,PHO,0,5.0,0,0,0,1894.0,587.0,313.0,300.0,642.0,514.0,625.0,292.0,519.0,138.0,1892.0,584.0,391.0,333.0,698.0,524.0,603.0,283.0,517.0,127.0,0.0,0.0,0.0,0.0,0.0,0.0,0.40625,0.38095238095238093,6450.0,136979.0,0.0,0.3226837060702875,0.35038363171355497,0.7308347529812607,0.791095890410959,0.40496304118268217,0.41490486257928116,0.126953125,10.0,0.3125,32.0,0.625,0.5,0.5,0.5,0.5,0.515625
26,2,IND,IND,1,6.0,0,0,0,1822.0,591.0,446.0,286.0,649.0,458.0,600.0,242.0,491.0,118.0,1899.0,583.0,367.0,306.0,660.0,565.0,616.0,256.0,466.0,140.0,0.0,0.0,0.0,0.0,0.0,0.0,0.3125,0.3333333333333333,6475.0,138922.0,1.0,0.35201793721973096,0.3569482288828338,0.7986463620981388,0.7066895368782161,0.41822173435784854,0.44918378093733546,0.3125,32.0,0.0,32.0,0.28125,0.5,0.5,0.5,0.5,0.296875
27,2,MIN,MIN,0,6.0,0,0,0,1810.0,727.0,552.0,308.0,693.0,437.0,695.0,210.0,507.0,127.0,1927.0,624.0,472.0,328.0,688.0,511.0,719.0,259.0,470.0,126.0,0.0,0.0,0.0,0.0,0.0,0.0,0.375,0.42857142857142855,6475.0,120607.0,0.0,0.3188405797101449,0.3241525423728814,0.7689133425034388,0.7996794871794872,0.3707182320441989,0.3902439024390244,0.25048828125,38.0,0.0,32.0,0.46875,0.5,0.5,0.5,0.5,0.421875
28,2,DET,DET,1,7.0,0,0,0,1914.0,542.0,405.0,324.0,621.0,469.0,602.0,225.0,498.0,82.0,1837.0,583.0,340.0,279.0,702.0,438.0,591.0,262.0,483.0,109.0,0.0,0.0,0.0,0.0,0.0,0.0,0.3125,0.3333333333333333,6550.0,109348.0,0.0,0.3530864197530864,0.3735294117647059,0.7601476014760148,0.7650085763293311,0.4043887147335423,0.46162221012520416,0.09765625,10.0,0.0,32.0,0.4375,0.5,0.5,0.5,0.5,0.375
29,2,POR,POR,0,7.0,0,0,0,1891.0,612.0,519.0,300.0,696.0,451.0,633.0,244.0,500.0,106.0,1944.0,656.0,410.0,343.0,763.0,501.0,643.0,293.0,474.0,144.0,0.0,0.0,0.0,0.0,0.0,0.0,0.34375,0.23809523809523808,6525.0,137656.0,0.0,0.33140655105973027,0.3878048780487805,0.7352941176470589,0.7027439024390244,0.387625594923321,0.40689300411522633,0.328125,64.0,0.0,32.0,0.3125,0.5,0.5,0.5,0.5,0.328125
30,2,SEA,SEA,0,8.0,0,0,0,1821.0,606.0,412.0,306.0,585.0,412.0,605.0,273.0,431.0,127.0,1750.0,559.0,325.0,296.0,756.0,492.0,588.0,228.0,519.0,127.0,0.0,0.0,0.0,0.0,0.0,0.0,0.3125,0.2857142857142857,6550.0,95257.0,1.0,0.3106796116504854,0.38461538461538464,0.6848184818481848,0.7459749552772809,0.3783635365183965,0.43028571428571427,0.25,64.0,0.0,32.0,0.1875,0.5,0.5,0.5,0.5,0.25
31,2,WAS,WAS,1,8.0,0,0,0,1915.0,504.0,418.0,356.0,699.0,424.0,537.0,257.0,495.0,127.0,1945.0,467.0,408.0,331.0,737.0,487.0,543.0,261.0,454.0,103.0,0.0,0.0,0.0,0.0,0.0,0.0,0.3125,0.19047619047619047,6500.0,246667.0,1.0,0.2799043062200957,0.35784313725490197,0.6607142857142857,0.7430406852248393,0.38590078328981725,0.40668380462724935,0.0,0.0,0.0,32.0,0.4375,0.5,0.5,0.5,0.5,0.375
32,3,LAS,LAS,0,1.0,1,1,1,2002.0,645.0,515.0,329.0,814.0,583.0,664.0,257.0,517.0,161.0,2040.0,649.0,521.0,314.0,645.0,508.0,623.0,275.0,453.0,111.0,0.0,0.0,0.0,0.0,0.0,0.0,0.78125,0.8095238095238095,6475.0,186410.0,1.0,0.3766990291262136,0.31285988483685223,0.737984496124031,0.7395993836671803,0.44505494505494503,0.39019607843137255,0.84375,96.0,1.0,34.0,0.875,0.875,0.5,0.5,0.5,0.84375
33,3,NYL,NYL,1,1.0,1,1,0,1740.0,567.0,400.0,260.0,610.0,496.0,638.0,261.0,458.0,100.0,1733.0,645.0,434.0,312.0,649.0,410.0,597.0,228.0,478.0,88.0,0.0,0.0,0.0,0.0,0.0,0.0,0.5625,0.5238095238095238,6450.0,234717.0,0.0,0.3625,0.3433179723502304,0.7054673721340388,0.7503875968992249,0.4436781609195402,0.39873052510098095,0.6145833333333334,96.0,0.0,34.0,0.65625,0.625,0.5,0.5,0.5,0.6145833333333334
34,3,CHA,CHA,1,2.0,0,0,0,1790.0,663.0,527.0,302.0,653.0,496.0,647.0,241.0,408.0,105.0,1807.0,598.0,372.0,295.0,620.0,489.0,600.0,208.0,424.0,103.0,0.0,0.0,0.0,0.0,0.0,0.0,0.5625,0.5714285714285714,6450.0,106670.0,1.0,0.40037950664136623,0.3575268817204301,0.7390648567119156,0.7424749163879598,0.4301675977653631,0.43054786939679024,0.0,0.0,0.0,34.0,0.5625,0.25,0.5,0.5,0.5,0.4583333333333333
35,3,HOU,HOU,0,2.0,0,0,0,1778.0,585.0,332.0,299.0,702.0,450.0,467.0,260.0,455.0,126.0,1880.0,452.0,489.0,309.0,664.0,446.0,606.0,262.0,464.0,71.0,0.0,0.0,0.0,0.0,0.0,0.0,0.75,0.7619047619047619,6425.0,188648.0,1.0,0.32831325301204817,0.30879345603271985,0.7743589743589744,0.7323008849557522,0.4246344206974128,0.375,0.7291666666666666,96.0,0.0,34.0,0.59375,0.84375,0.5,0.5,0.5,0.7291666666666666
36,3,UTA,SAS,0,3.0,1,0,0,1911.0,844.0,247.0,347.0,721.0,478.0,665.0,228.0,522.0,178.0,2067.0,688.0,377.0,361.0,645.0,489.0,724.0,260.0,444.0,149.0,0.0,0.0,0.0,0.0,0.0,0.0,0.625,0.5714285714285714,6450.0,118720.0,0.0,0.3603238866396761,0.33421750663129973,0.7618483412322274,0.75,0.4411302982731554,0.41170778906627964,,,,0.0,0.59375,0.5625,0.5,0.5,0.5,0.59375
37,3,WAS,WAS,1,3.0,1,0,0,1910.0,478.0,443.0,330.0,708.0,516.0,583.0,221.0,455.0,94.0,1903.0,538.0,446.0,309.0,680.0,442.0,570.0,237.0,441.0,101.0,0.0,0.0,0.0,0.0,0.0,0.0,0.53125,0.5714285714285714,6450.0,259237.0,0.0,0.37020316027088035,0.3295964125560538,0.7510460251046025,0.7379182156133829,0.42198952879581153,0.41303205465055176,0.53125,32.0,1.0,34.0,0.3125,0.4375,0.5,0.5,0.5,0.4270833333333333
38,3,IND,IND,1,4.0,0,0,0,1825.0,580.0,543.0,315.0,633.0,447.0,559.0,268.0,438.0,100.0,1817.0,503.0,464.0,288.0,644.0,507.0,647.0,226.0,470.0,145.0,0.0,0.0,0.0,0.0,0.0,0.0,0.5,0.5714285714285714,6425.0,134945.0,0.0,0.3314917127071823,0.34913793103448276,0.7844827586206896,0.7137176938369781,0.4005479452054794,0.4424876169510182,0.40625,64.0,0.0,34.0,0.3125,0.28125,0.5,0.5,0.5,0.3645833333333333
39,3,SEA,SEA,0,4.0,0,0,0,1948.0,543.0,506.0,362.0,633.0,514.0,623.0,282.0,477.0,151.0,1818.0,587.0,342.0,307.0,662.0,488.0,563.0,254.0,531.0,125.0,0.0,0.0,0.0,0.0,0.0,0.0,0.53125,0.47619047619047616,6450.0,111774.0,0.0,0.35968379446640314,0.2982456140350877,0.7697974217311234,0.7410562180579217,0.4075975359342916,0.4306930693069307,0.46875,96.0,0.0,34.0,0.3125,0.1875,0.5,0.5,0.5,0.34375
40,3,ORL,CON,1,5.0,0,0,0,1914.0,646.0,461.0,320.0,595.0,446.0,669.0,295.0,456.0,113.0,1862.0,668.0,422.0,362.0,684.0,519.0,637.0,251.0,541.0,108.0,0.0,0.0,0.0,0.0,0.0,0.0,0.5,0.6190476190476191,6525.0,113837.0,1.0,0.31453362255965295,0.3696682464454976,0.7631578947368421,0.7350299401197605,0.4221525600835946,0.4317937701396348,,,,0.0,0.40625,0.5,0.5,0.5,0.5,0.46875
41,3,POR,POR,0,5.0,0,0,0,1951.0,564.0,391.0,307.0,641.0,492.0,623.0,239.0,493.0,120.0,1885.0,647.0,348.0,334.0,678.0,486.0,616.0,272.0,508.0,139.0,0.0,0.0,0.0,0.0,0.0,0.0,0.5,0.38095238095238093,6475.0,128656.0,,0.3248081841432225,0.3620689655172414,0.7269503546099291,0.7156105100463679,0.424910302409021,0.43448275862068964,,,,0.0,0.34375,0.3125,0.5,0.5,0.5,0.3854166666666667
42,3,MIA,MIA,1,6.0,0,0,0,1856.0,529.0,389.0,296.0,573.0,476.0,643.0,274.0,435.0,96.0,1722.0,614.0,382.0,278.0,693.0,446.0,588.0,222.0,515.0,104.0,0.0,0.0,0.0,0.0,0.0,0.0,0.46875,0.5238095238095238,6475.0,141252.0,,0.33161953727506427,0.337696335078534,0.6975425330812854,0.7638436482084691,0.4170258620689655,0.4326364692218351,,,,0.0,0.625,0.40625,0.5,0.5,0.5,0.5
43,3,SAC,SAC,0,6.0,0,0,0,1945.0,653.0,395.0,301.0,648.0,500.0,675.0,247.0,456.0,109.0,1944.0,681.0,453.0,352.0,723.0,493.0,633.0,233.0,496.0,128.0,0.0,0.0,0.0,0.0,0.0,0.0,0.4375,0.38095238095238093,6575.0,144179.0,1.0,0.28354430379746837,0.32891832229580575,0.7565084226646248,0.7562408223201175,0.40102827763496146,0.419238683127572,0.2850678733031674,27.529411764705884,0.0,34.0,0.625,0.65625,0.5,0.5,0.5,0.5729166666666666
44,3,CLE,CLE,1,7.0,0,0,0,1820.0,553.0,374.0,295.0,674.0,480.0,567.0,221.0,451.0,83.0,1834.0,521.0,441.0,278.0,640.0,530.0,613.0,242.0,428.0,109.0,0.0,0.0,0.0,0.0,0.0,0.0,0.3125,0.3333333333333333,6550.0,149084.0,1.0,0.3235294117647059,0.3378684807256236,0.7775768535262206,0.761996161228407,0.4175824175824176,0.4345692475463468,0.5104166666666666,96.0,1.0,34.0,0.6875,0.53125,0.5,0.5,0.5,0.5104166666666666
45,3,PHO,PHO,0,7.0,0,0,0,1889.0,538.0,328.0,292.0,626.0,427.0,623.0,267.0,501.0,94.0,1870.0,608.0,388.0,309.0,692.0,532.0,600.0,268.0,491.0,127.0,0.0,0.0,0.0,0.0,0.0,0.0,0.34375,0.3333333333333333,6400.0,139798.0,0.0,0.3048780487804878,0.39948453608247425,0.7527881040892194,0.7171052631578947,0.41979883536262574,0.45454545454545453,0.0,0.0,0.0,34.0,0.40625,0.625,0.5,0.5,0.5,0.4583333333333333
46,3,DET,DET,1,8.0,0,0,0,1919.0,651.0,364.0,360.0,719.0,478.0,609.0,201.0,541.0,132.0,1984.0,605.0,447.0,314.0,669.0,465.0,637.0,277.0,443.0,139.0,0.0,0.0,0.0,0.0,0.0,0.0,0.28125,0.2857142857142857,6450.0,94171.0,1.0,0.3021978021978022,0.32662192393736017,0.7250384024577573,0.7669421487603306,0.399166232412715,0.4173387096774194,0.4090909090909091,22.0,0.0,34.0,0.3125,0.4375,0.5,0.5,0.5,0.34375
47,3,MIN,MIN,0,8.0,0,0,0,1775.0,578.0,500.0,309.0,650.0,466.0,617.0,226.0,529.0,102.0,1807.0,613.0,389.0,302.0,612.0,495.0,618.0,273.0,465.0,117.0,0.0,0.0,0.0,0.0,0.0,0.0,0.3125,0.2857142857142857,6475.0,139874.0,1.0,0.332,0.36246786632390743,0.6626297577854672,0.765089722675367,0.4095774647887324,0.4133923630326508,0.0,0.0,0.0,34.0,0.375,0.46875,0.5,0.5,0.5,0.3854166666666667
48,4,DET,DET,1,1.0,1,1,1,2004.0,882.0,323.0,379.0,851.0,545.0,605.0,263.0,608.0,158.0,2286.0,556.0,541.0,390.0,674.0,504.0,774.0,309.0,497.0,129.0,0.0,0.0,0.0,0.0,0.0,0.0,0.7352941176470589,0.75,6900.0,133647.0,1.0,0.38699690402476783,0.2975970425138632,0.7074829931972789,0.7410071942446043,0.4500998003992016,0.3985126859142607,0.6071428571428571,56.0,1.0,34.0,0.28125,0.3125,0.4375,0.5,0.5,0.443014705882353
49,4,LAS,LAS,0,1.0,1,1,0,2140.0,678.0,528.0,336.0,813.0,587.0,682.0,242.0,470.0,161.0,2147.0,702.0,540.0,316.0,789.0,572.0,654.0,241.0,468.0,127.0,0.0,0.0,0.0,0.0,0.0,0.0,0.7058823529411765,0.7083333333333334,6900.0,157934.0,1.0,0.32954545454545453,0.362962962962963,0.7920353982300885,0.717948717948718,0.4177570093457944,0.4033535165346996,0.3365384615384615,54.166666666666664,0.4166666666666667,48.0,0.78125,0.875,0.875,0.5,0.5,0.7873774509803922
50,4,CHA,CHA,1,2.0,0,0,0,1881.0,590.0,517.0,342.0,629.0,499.0,697.0,279.0,497.0,115.0,1902.0,667.0,407.0,386.0,621.0,491.0,606.0,264.0,469.0,104.0,0.0,0.0,0.0,0.0,0.0,0.0,0.5294117647058824,0.5,6850.0,120061.0,0.0,0.3617021276595745,0.33906633906633904,0.7728813559322034,0.7151424287856072,0.41839447102605,0.4153522607781283,0.5294117647058824,34.0,0.0,34.0,0.5625,0.5625,0.25,0.5,0.5,0.551470588235294
51,4,HOU,HOU,0,2.0,0,0,0,1916.0,600.0,344.0,266.0,764.0,465.0,490.0,231.0,450.0,129.0,2030.0,448.0,500.0,298.0,708.0,516.0,634.0,227.0,430.0,122.0,0.0,0.0,0.0,0.0,0.0,0.0,0.5882352941176471,0.5833333333333334,6825.0,150203.0,0.0,0.33430232558139533,0.338,0.7883333333333333,0.7254464285714286,0.4321503131524008,0.4059113300492611,0.6923076923076923,130.0,0.0,34.0,0.75,0.59375,0.84375,0.5,0.5,0.6439950980392157
52,4,CON,CON,1,3.0,1,0,0,2102.0,646.0,549.0,333.0,762.0,520.0,663.0,270.0,434.0,111.0,2104.0,673.0,536.0,366.0,812.0,553.0,669.0,252.0,476.0,88.0,0.0,0.0,0.0,0.0,0.0,0.0,0.5294117647058824,0.4583333333333333,6875.0,102433.0,1.0,0.3224043715846995,0.3208955223880597,0.7414860681114551,0.7563150074294205,0.4110371075166508,0.41064638783269963,0.5294117647058824,34.0,0.0,34.0,0.5,0.40625,0.5,0.5,0.5,0.4785539215686274
53,4,SAC,SAC,0,3.0,1,0,0,2107.0,626.0,473.0,349.0,718.0,568.0,641.0,297.0,461.0,122.0,1991.0,597.0,467.0,345.0,751.0,516.0,640.0,224.0,576.0,141.0,0.0,0.0,0.0,0.0,0.0,0.0,0.5588235294117647,0.5416666666666666,6825.0,155578.0,1.0,0.3171247357293869,0.31905781584582443,0.6789137380191693,0.7286432160804021,0.4091124822021832,0.4098442993470618,0.75,16.0,0.0,34.0,0.4375,0.625,0.65625,0.5,0.5,0.5404411764705882
54,4,CLE,CLE,1,4.0,0,0,0,1975.0,643.0,425.0,349.0,720.0,517.0,639.0,226.0,466.0,86.0,1927.0,607.0,355.0,300.0,704.0,510.0,659.0,223.0,467.0,135.0,0.0,0.0,0.0,0.0,0.0,0.0,0.5,0.5416666666666666,6825.0,125793.0,,0.3176470588235294,0.35774647887323946,0.7216174183514774,0.7660626029654036,0.41265822784810124,0.419823559937727,,,,0.0,0.3125,0.6875,0.53125,0.5,0.5,0.5
55,4,MIN,MIN,0,4.0,0,0,0,1978.0,624.0,524.0,361.0,718.0,580.0,634.0,242.0,558.0,101.0,2067.0,633.0,446.0,337.0,652.0,528.0,666.0,271.0,471.0,126.0,0.0,0.0,0.0,0.0,0.0,0.0,0.5294117647058824,0.5833333333333334,6850.0,120253.0,1.0,0.3435114503816794,0.31614349775784756,0.7211538461538461,0.7472353870458136,0.442366026289181,0.424770198355104,0.5294117647058824,34.0,1.0,34.0,0.3125,0.375,0.46875,0.5,0.5,0.40563725490196073
56,4,IND,IND,1,5.0,0,0,0,2011.0,563.0,600.0,334.0,654.0,539.0,668.0,299.0,474.0,121.0,1908.0,638.0,421.0,309.0,677.0,570.0,631.0,227.0,512.0,170.0,0.0,0.0,0.0,0.0,0.0,0.0,0.47058823529411764,0.5,6875.0,141778.0,0.0,0.35,0.37292161520190026,0.7975133214920072,0.768025078369906,0.4172053704624565,0.4386792452830189,0.0,0.0,0.0,34.0,0.5,0.3125,0.28125,0.5,0.5,0.4276960784313726
57,4,SEA,SEA,0,5.0,0,0,0,2045.0,567.0,500.0,342.0,732.0,548.0,644.0,232.0,465.0,138.0,2039.0,591.0,437.0,352.0,689.0,456.0,570.0,245.0,459.0,104.0,0.0,0.0,0.0,0.0,0.0,0.0,0.5294117647058824,0.4583333333333333,6850.0,120857.0,1.0,0.332,0.3318077803203661,0.7795414462081128,0.7461928934010152,0.4352078239608802,0.4139283962726827,0.48461538461538456,130.0,0.0,34.0,0.53125,0.3125,0.1875,0.5,0.5,0.4577205882352941
58,4,NYL,NYL,1,6.0,0,0,0,1923.0,537.0,500.0,271.0,686.0,527.0,587.0,262.0,470.0,128.0,1959.0,581.0,467.0,326.0,736.0,506.0,614.0,269.0,480.0,96.0,0.0,0.0,0.0,0.0,0.0,0.0,0.47058823529411764,0.4583333333333333,6850.0,212346.0,1.0,0.362,0.33190578158458245,0.7672253258845437,0.7900172117039587,0.4290171606864275,0.4190913731495661,0.27149321266968324,61.1764705882353,0.0,34.0,0.5625,0.65625,0.625,0.5,0.5,0.5631127450980392
59,4,SAS,SAS,0,6.0,0,0,0,2068.0,736.0,315.0,350.0,795.0,428.0,728.0,187.0,513.0,167.0,2176.0,745.0,482.0,389.0,783.0,530.0,669.0,275.0,424.0,140.0,0.0,0.0,0.0,0.0,0.0,0.0,0.35294117647058826,0.4166666666666667,6825.0,176526.0,0.0,0.29523809523809524,0.3091286307053942,0.7309782608695652,0.7302013422818792,0.3829787234042553,0.3984375,0.5,27.294117647058822,0.0,34.0,0.625,0.59375,0.5625,0.5,0.5,0.5238970588235294
60,4,PHO,PHO,0,7.0,0,0,0,2095.0,556.0,349.0,357.0,643.0,461.0,664.0,310.0,479.0,111.0,1867.0,626.0,371.0,303.0,811.0,509.0,667.0,275.0,610.0,146.0,0.0,0.0,0.0,0.0,0.0,0.0,0.23529411764705882,0.20833333333333334,6925.0,144511.0,0.0,0.332378223495702,0.3665768194070081,0.6816546762589928,0.744408945686901,0.38233890214797134,0.4467059453668988,0.0,0.0,0.0,34.0,0.34375,0.40625,0.625,0.5,0.5,0.3284313725490196
61,4,WAS,WAS,1,7.0,0,0,0,2191.0,507.0,505.0,382.0,703.0,568.0,676.0,213.0,462.0,99.0,2033.0,691.0,482.0,334.0,781.0,591.0,565.0,251.0,468.0,119.0,0.0,0.0,0.0,0.0,0.0,0.0,0.2647058823529412,0.2916666666666667,6875.0,238710.0,1.0,0.3108910891089109,0.35477178423236516,0.7514792899408284,0.7366136034732272,0.40894568690095845,0.4471224790949336,0.0,0.0,0.0,34.0,0.53125,0.3125,0.4375,0.5,0.5,0.369485294117647
62,5,CON,CON,1,1.0,1,1,0,2051.0,590.0,467.0,321.0,724.0,572.0,610.0,299.0,462.0,96.0,1996.0,599.0,384.0,306.0,757.0,565.0,627.0,239.0,492.0,113.0,0.0,0.0,0.0,0.0,0.0,0.0,0.5294117647058824,0.7,6900.0,114017.0,1.0,0.31905781584582443,0.3776041666666667,0.735593220338983,0.7395659432387313,0.4271087274500244,0.42985971943887774,0.5294117647058824,68.0,0.0,34.0,0.5294117647058824,0.5,0.40625,0.5,0.5,0.5196078431372549
63,5,LAS,LAS,0,1.0,0,0,0,2069.0,722.0,414.0,312.0,809.0,626.0,731.0,262.0,529.0,148.0,2095.0,761.0,511.0,339.0,727.0,532.0,704.0,288.0,523.0,114.0,0.0,0.0,0.0,0.0,0.0,0.0,0.7352941176470589,0.7272727272727273,6975.0,177269.0,1.0,0.37922705314009664,0.3405088062622309,0.7340720221606648,0.7319316688567674,0.43692605123247946,0.38902147971360385,0.0,0.0,0.0,34.0,0.7058823529411765,0.78125,0.875,0.875,0.5,0.7408088235294118
64,5,NYL,NYL,1,2.0,1,0,0,1932.0,531.0,617.0,263.0,741.0,539.0,587.0,209.0,506.0,124.0,2096.0,579.0,416.0,371.0,730.0,517.0,589.0,288.0,430.0,123.0,0.0,0.0,0.0,0.0,0.0,0.0,0.5294117647058824,0.5,6900.0,168062.0,1.0,0.3500810372771475,0.3173076923076923,0.7495291902071564,0.7443868739205527,0.42391304347826086,0.4136450381679389,0.6111111111111112,18.0,0.0,34.0,0.47058823529411764,0.5625,0.65625,0.625,0.5,0.5208333333333334
65,5,SEA,SEA,0,2.0,1,1,1,2025.0,676.0,439.0,350.0,709.0,552.0,665.0,302.0,499.0,131.0,1989.0,592.0,391.0,303.0,679.0,507.0,678.0,252.0,527.0,137.0,0.0,0.0,0.0,0.0,0.0,0.0,0.5882352941176471,0.5909090909090909,6825.0,134291.0,1.0,0.3804100227790433,0.3554987212276215,0.7751479289940828,0.714527027027027,0.4311111111111111,0.4278531925590749,0.5060975609756098,164.0,0.0,34.0,0.5294117647058824,0.53125,0.3125,0.1875,0.5,0.5496323529411765
66,5,DET,DET,1,3.0,0,0,0,2097.0,792.0,209.0,397.0,773.0,564.0,648.0,277.0,513.0,148.0,2098.0,609.0,533.0,325.0,730.0,515.0,728.0,289.0,496.0,131.0,0.0,0.0,0.0,0.0,0.0,0.0,0.5,0.55,6850.0,160860.0,1.0,0.2966507177033493,0.35834896810506567,0.702020202020202,0.7717569786535303,0.4167858845970434,0.4099142040038132,0.5666666666666667,90.0,1.0,34.0,0.7352941176470589,0.28125,0.3125,0.4375,0.5,0.5055147058823529
67,5,MIN,MIN,0,3.0,0,0,0,1900.0,640.0,542.0,332.0,724.0,526.0,660.0,257.0,613.0,139.0,1972.0,669.0,330.0,323.0,713.0,508.0,676.0,333.0,502.0,133.0,0.0,0.0,0.0,0.0,0.0,0.0,0.5294117647058824,0.5454545454545454,6850.0,125097.0,0.0,0.32656826568265684,0.2787878787878788,0.709375,0.7324364723467862,0.4036842105263158,0.4077079107505071,0.5294117647058824,68.0,2.0,34.0,0.5294117647058824,0.3125,0.375,0.46875,0.5,0.4571078431372549
68,5,SAC,SAC,0,4.0,1,0,0,2072.0,604.0,365.0,389.0,635.0,519.0,641.0,314.0,485.0,118.0,1872.0,631.0,458.0,310.0,676.0,513.0,646.0,241.0,593.0,117.0,0.0,0.0,0.0,0.0,0.0,0.0,0.5294117647058824,0.5454545454545454,6900.0,147544.0,1.0,0.35342465753424657,0.35152838427947597,0.7201986754966887,0.751188589540412,0.4218146718146718,0.42895299145299143,0.6,50.0,0.0,34.0,0.5588235294117647,0.4375,0.625,0.65625,0.5,0.5085784313725491
69,5,WAS,WAS,1,4.0,0,0,0,2088.0,661.0,283.0,337.0,726.0,467.0,652.0,255.0,424.0,128.0,2013.0,686.0,425.0,336.0,770.0,534.0,627.0,237.0,492.0,111.0,0.0,0.0,0.0,0.0,0.0,0.0,0.5,0.45,6850.0,214448.0,0.0,0.3710247349823322,0.34352941176470586,0.7170953101361573,0.7434402332361516,0.41810344827586204,0.42921013412816694,0.5616438356164384,146.0,0.0,34.0,0.2647058823529412,0.53125,0.3125,0.4375,0.5,0.431985294117647
70,5,CHA,CHA,1,5.0,0,0,0,1744.0,590.0,459.0,256.0,616.0,426.0,648.0,210.0,479.0,134.0,1932.0,587.0,349.0,368.0,628.0,516.0,595.0,243.0,437.0,114.0,0.0,0.0,0.0,0.0,0.0,0.0,0.47058823529411764,0.4,6900.0,116383.0,0.0,0.3616557734204793,0.37249283667621774,0.7389830508474576,0.7461669505962522,0.4271788990825688,0.4140786749482402,0.35294117647058826,48.0,0.0,34.0,0.5294117647058824,0.5625,0.5625,0.25,0.5,0.5208333333333334
71,5,PHO,PHO,0,5.0,0,0,0,1922.0,598.0,519.0,264.0,652.0,501.0,748.0,282.0,464.0,137.0,1845.0,724.0,348.0,309.0,711.0,456.0,660.0,226.0,536.0,137.0,0.0,0.0,0.0,0.0,0.0,0.0,0.5,0.5,6825.0,136295.0,0.0,0.3699421965317919,0.382183908045977,0.7625418060200669,0.7375690607734806,0.4297606659729448,0.42493224932249324,0.5,34.0,0.0,34.0,0.23529411764705882,0.34375,0.40625,0.625,0.5,0.3596813725490196
72,5,HOU,HOU,0,6.0,0,0,0,1933.0,615.0,358.0,311.0,724.0,451.0,555.0,242.0,484.0,107.0,2008.0,531.0,434.0,335.0,720.0,539.0,655.0,258.0,471.0,129.0,0.0,0.0,0.0,0.0,0.0,0.0,0.38235294117647056,0.3181818181818182,6850.0,137455.0,1.0,0.3435754189944134,0.35023041474654376,0.7447154471544716,0.736346516007533,0.4128297982410761,0.4153386454183267,0.6280487804878049,164.0,0.0,34.0,0.5882352941176471,0.75,0.59375,0.84375,0.5,0.573529411764706
73,5,IND,IND,1,6.0,0,0,0,2011.0,580.0,481.0,396.0,705.0,555.0,639.0,261.0,486.0,134.0,1865.0,695.0,352.0,281.0,688.0,514.0,603.0,268.0,466.0,162.0,0.0,0.0,0.0,0.0,0.0,0.0,0.4411764705882353,0.4,6850.0,128989.0,1.0,0.34511434511434513,0.34375,0.7758620689655172,0.7424460431654676,0.3933366484336151,0.43109919571045574,0.4411764705882353,34.0,0.0,34.0,0.47058823529411764,0.5,0.3125,0.28125,0.5,0.4705882352941176
74,5,SAS,SAS,0,7.0,0,0,0,1940.0,628.0,247.0,302.0,701.0,493.0,628.0,272.0,513.0,106.0,2003.0,564.0,469.0,324.0,710.0,575.0,624.0,280.0,492.0,129.0,0.0,0.0,0.0,0.0,0.0,0.0,0.2647058823529412,0.2727272727272727,6875.0,142717.0,0.0,0.31983805668016196,0.36673773987206826,0.7770700636942676,0.7375886524822695,0.41855670103092785,0.4433349975037444,0.5076923076923077,130.0,1.0,34.0,0.35294117647058826,0.625,0.59375,0.5625,0.5,0.41421568627450983
75,6,CON,CON,1,1.0,1,1,1,2025.0,688.0,373.0,322.0,788.0,573.0,624.0,236.0,452.0,130.0,2100.0,599.0,400.0,350.0,728.0,495.0,675.0,258.0,442.0,79.0,0.0,0.0,0.0,0.0,0.0,0.0,0.7647058823529411,0.65,6800.0,121944.0,1.0,0.3485254691689008,0.305,0.7441860465116279,0.7545909849749582,0.4523456790123457,0.3976190476190476,0.6078431372549019,102.0,0.0,34.0,0.5294117647058824,0.5294117647058824,0.5,0.40625,0.5,0.6078431372549019
76,6,SAC,SAC,0,1.0,1,1,1,1986.0,721.0,360.0,369.0,674.0,527.0,684.0,304.0,500.0,108.0,1823.0,653.0,376.0,273.0,694.0,463.0,723.0,235.0,622.0,132.0,0.0,0.0,0.0,0.0,0.0,0.0,0.7352941176470589,0.7727272727272727,6800.0,145213.0,1.0,0.35833333333333334,0.300531914893617,0.6851595006934813,0.7320061255742726,0.4295065458207452,0.4119583104772353,0.6547619047619048,84.0,1.0,34.0,0.5294117647058824,0.5588235294117647,0.4375,0.625,0.65625,0.607843137254902
77,6,IND,IND,1,2.0,1,0,0,1958.0,595.0,468.0,341.0,671.0,493.0,668.0,336.0,477.0,95.0,1798.0,642.0,367.0,279.0,711.0,435.0,644.0,234.0,558.0,113.0,0.0,0.0,0.0,0.0,0.0,0.0,0.6176470588235294,0.7,6925.0,142494.0,1.0,0.32051282051282054,0.335149863760218,0.7596638655462185,0.7165109034267912,0.4004085801838611,0.43103448275862066,0.5294117647058824,68.0,0.0,34.0,0.4411764705882353,0.47058823529411764,0.5,0.3125,0.28125,0.5098039215686274
78,6,SEA,SEA,0,2.0,0,0,0,2066.0,688.0,429.0,323.0,776.0,520.0,657.0,201.0,516.0,158.0,2163.0,646.0,419.0,334.0,686.0,568.0,691.0,267.0,438.0,154.0,0.0,0.0,0.0,0.0,0.0,0.0,0.5882352941176471,0.5909090909090909,6825.0,151150.0,1.0,0.331002331002331,0.31742243436754175,0.7906976744186046,0.7585139318885449,0.43852855759922554,0.4123901987979658,0.5202020202020202,198.0,0.0,34.0,0.5882352941176471,0.5294117647058824,0.53125,0.3125,0.1875,0.5686274509803922
79,6,HOU,HOU,0,3.0,1,0,0,1920.0,690.0,205.0,276.0,684.0,467.0,581.0,246.0,425.0,105.0,1944.0,559.0,423.0,274.0,687.0,541.0,685.0,197.0,481.0,111.0,0.0,0.0,0.0,0.0,0.0,0.0,0.5588235294117647,0.5,6875.0,120676.0,1.0,0.3024390243902439,0.34988179669030733,0.763768115942029,0.7495527728085868,0.4479166666666667,0.43621399176954734,0.6161616161616161,198.0,0.0,34.0,0.38235294117647056,0.5882352941176471,0.75,0.59375,0.84375,0.5098039215686274
80,6,NYL,NYL,1,3.0,0,0,0,1860.0,552.0,605.0,242.0,732.0,498.0,613.0,214.0,462.0,112.0,2012.0,608.0,398.0,345.0,685.0,473.0,590.0,275.0,411.0,86.0,0.0,0.0,0.0,0.0,0.0,0.0,0.5294117647058824,0.45,6925.0,172381.0,0.0,0.343801652892562,0.314070351758794,0.8188405797101449,0.7269736842105263,0.44516129032258067,0.4269383697813121,0.5576923076923077,52.0,0.0,34.0,0.5294117647058824,0.47058823529411764,0.5625,0.65625,0.625,0.5098039215686274
81,6,DET,DET,1,4.0,0,0,0,2060.0,774.0,238.0,412.0,803.0,474.0,761.0,241.0,571.0,155.0,1945.0,754.0,456.0,273.0,745.0,473.0,744.0,272.0,520.0,136.0,0.0,0.0,0.0,0.0,0.0,0.0,0.47058823529411764,0.55,6925.0,159356.0,1.0,0.31932773109243695,0.33771929824561403,0.6576227390180879,0.7493368700265252,0.4033980582524272,0.40308483290488434,0.5403225806451613,124.0,1.0,34.0,0.5,0.7352941176470589,0.28125,0.3125,0.4375,0.5686274509803922
82,6,LAS,LAS,0,4.0,0,0,0,2042.0,630.0,387.0,321.0,683.0,551.0,737.0,264.0,492.0,136.0,1955.0,709.0,519.0,332.0,709.0,567.0,654.0,247.0,544.0,115.0,0.0,0.0,0.0,0.0,0.0,0.0,0.5,0.5454545454545454,6800.0,150521.0,1.0,0.32041343669250644,0.35067437379576105,0.7238095238095238,0.7433004231311706,0.4275220372184133,0.4184143222506394,0.6666666666666666,6.0,0.0,34.0,0.7352941176470589,0.7058823529411765,0.78125,0.875,0.875,0.6470588235294118
83,6,PHO,PHO,0,5.0,0,0,0,1994.0,693.0,539.0,342.0,720.0,549.0,697.0,243.0,517.0,179.0,1993.0,720.0,332.0,319.0,705.0,470.0,672.0,265.0,483.0,112.0,0.0,0.0,0.0,0.0,0.0,0.0,0.47058823529411764,0.5454545454545454,6800.0,124146.0,0.0,0.3302411873840445,0.3644578313253012,0.7662337662337663,0.7263888888888889,0.41424272818455365,0.42900150526843955,0.0,0.0,0.0,34.0,0.5,0.23529411764705882,0.34375,0.40625,0.625,0.40196078431372545
84,6,WAS,WAS,1,5.0,0,0,0,1968.0,546.0,510.0,266.0,677.0,517.0,697.0,260.0,435.0,76.0,1872.0,648.0,433.0,267.0,757.0,545.0,638.0,205.0,504.0,108.0,0.0,0.0,0.0,0.0,0.0,0.0,0.47058823529411764,0.45,6900.0,171501.0,1.0,0.35490196078431374,0.3464203233256351,0.7106227106227107,0.7546296296296297,0.4303861788617886,0.44497863247863245,0.5444444444444444,180.0,0.0,34.0,0.5,0.2647058823529412,0.53125,0.3125,0.4375,0.411764705882353
85,6,CHA,CHA,1,6.0,0,0,0,1913.0,624.0,301.0,316.0,609.0,493.0,727.0,284.0,535.0,113.0,1888.0,713.0,339.0,355.0,700.0,496.0,654.0,269.0,534.0,146.0,0.0,0.0,0.0,0.0,0.0,0.0,0.17647058823529413,0.2,6945.0,98054.0,0.0,0.34551495016611294,0.36578171091445427,0.7163461538461539,0.7138849929873773,0.4035546262415055,0.4507415254237288,0.3,10.0,0.0,34.0,0.47058823529411764,0.5294117647058824,0.5625,0.5625,0.25,0.39215686274509803
86,6,MIN,MIN,0,6.0,0,0,0,1946.0,601.0,492.0,310.0,715.0,531.0,624.0,258.0,536.0,127.0,2019.0,592.0,376.0,344.0,711.0,537.0,665.0,275.0,487.0,144.0,0.0,0.0,0.0,0.0,0.0,0.0,0.4117647058823529,0.4090909090909091,6850.0,113447.0,0.0,0.34959349593495936,0.34308510638297873,0.7271214642262895,0.7347972972972973,0.41161356628982526,0.4269440316988608,0.3316032295271049,69.0,1.3529411764705883,34.0,0.5294117647058824,0.5294117647058824,0.3125,0.375,0.46875,0.4901960784313726
87,6,SAS,SAS,0,7.0,0,0,0,1833.0,652.0,339.0,256.0,690.0,433.0,650.0,195.0,535.0,90.0,2059.0,611.0,408.0,351.0,704.0,563.0,685.0,283.0,429.0,148.0,0.0,0.0,0.0,0.0,0.0,0.0,0.20588235294117646,0.13636363636363635,6800.0,135054.0,0.0,0.32448377581120946,0.3480392156862745,0.7714723926380368,0.7577741407528642,0.41680305510092747,0.4361340456532297,0.4451219512195122,164.0,1.0,34.0,0.2647058823529412,0.35294117647058826,0.625,0.59375,0.5625,0.2745098039215686
88,7,CON,CON,1,1.0,1,0,0,2216.0,675.0,510.0,342.0,926.0,630.0,530.0,252.0,514.0,153.0,2357.0,500.0,508.0,370.0,783.0,528.0,646.0,273.0,486.0,103.0,0.0,0.0,0.0,0.0,0.0,0.0,0.7647058823529411,0.75,6825.0,126096.0,1.0,0.3411764705882353,0.32086614173228345,0.8074074074074075,0.716,0.44314079422382674,0.402206194314807,0.6470588235294118,136.0,1.0,34.0,0.7647058823529411,0.5294117647058824,0.5294117647058824,0.5,0.40625,0.6862745098039215
89,7,LAS,LAS,0,1.0,1,0,0,2195.0,726.0,377.0,350.0,852.0,610.0,679.0,296.0,534.0,129.0,2184.0,721.0,570.0,336.0,746.0,565.0,636.0,284.0,556.0,128.0,0.0,0.0,0.0,0.0,0.0,0.0,0.7352941176470589,0.75,6825.0,141282.0,0.0,0.29442970822281167,0.34385964912280703,0.743801652892562,0.7406380027739251,0.4382687927107061,0.39972527472527475,0.7933333333333333,150.0,1.0,34.0,0.5,0.7352941176470589,0.7058823529411765,0.78125,0.875,0.6568627450980392
90,7,DET,DET,1,2.0,1,1,1,2220.0,746.0,414.0,406.0,880.0,572.0,711.0,213.0,537.0,137.0,2165.0,702.0,561.0,324.0,760.0,474.0,733.0,275.0,506.0,108.0,0.0,0.0,0.0,0.0,0.0,0.0,0.6764705882352942,0.7,6825.0,159453.0,1.0,0.3285024154589372,0.31194295900178254,0.7412868632707775,0.7535612535612536,0.41396396396396395,0.38799076212471134,0.569620253164557,158.0,1.0,34.0,0.47058823529411764,0.5,0.7352941176470589,0.28125,0.3125,0.5490196078431372
91,7,SAC,SAC,0,2.0,1,1,0,2190.0,741.0,461.0,418.0,720.0,509.0,670.0,330.0,542.0,88.0,2021.0,661.0,507.0,294.0,725.0,507.0,687.0,244.0,633.0,143.0,0.0,0.0,0.0,0.0,0.0,0.0,0.6176470588235294,0.5,6875.0,147739.0,1.0,0.3405639913232104,0.3076923076923077,0.7314439946018894,0.762481089258699,0.41963470319634705,0.43146956952003956,0.0,0.0,0.0,34.0,0.7352941176470589,0.5294117647058824,0.5588235294117647,0.4375,0.625,0.6274509803921569
92,7,HOU,HOU,0,3.0,0,0,0,2098.0,678.0,472.0,303.0,822.0,532.0,617.0,252.0,566.0,84.0,2232.0,615.0,496.0,337.0,787.0,526.0,705.0,298.0,519.0,89.0,0.0,0.0,0.0,0.0,0.0,0.0,0.5294117647058824,0.55,6925.0,130586.0,0.0,0.3580508474576271,0.29838709677419356,0.7109144542772862,0.7235772357723578,0.44232602478551003,0.4157706093189964,0.7857142857142857,14.0,0.0,34.0,0.5588235294117647,0.38235294117647056,0.5882352941176471,0.75,0.59375,0.4901960784313726
93,7,IND,IND,1,3.0,0,0,0,2144.0,676.0,551.0,339.0,755.0,501.0,606.0,354.0,528.0,93.0,2043.0,559.0,444.0,288.0,773.0,507.0,685.0,259.0,617.0,105.0,0.0,0.0,0.0,0.0,0.0,0.0,0.6176470588235294,0.6,6850.0,122768.0,1.0,0.3103448275862069,0.30855855855855857,0.7662721893491125,0.738819320214669,0.40718283582089554,0.4322075379344102,0.5588235294117647,102.0,0.0,34.0,0.6176470588235294,0.4411764705882353,0.47058823529411764,0.5,0.3125,0.5588235294117646
94,7,SEA,SEA,0,4.0,0,0,0,2124.0,712.0,475.0,327.0,821.0,514.0,682.0,232.0,570.0,127.0,2218.0,707.0,484.0,322.0,709.0,520.0,683.0,297.0,485.0,115.0,0.0,0.0,0.0,0.0,0.0,0.0,0.5294117647058824,0.5,6800.0,145664.0,1.0,0.3368421052631579,0.33884297520661155,0.7893258426966292,0.751060820367751,0.4524482109227872,0.4238052299368801,0.521551724137931,232.0,0.0,34.0,0.5882352941176471,0.5882352941176471,0.5294117647058824,0.53125,0.3125,0.5686274509803922
95,7,WAS,WAS,1,4.0,0,0,0,2199.0,715.0,522.0,330.0,770.0,576.0,784.0,306.0,541.0,113.0,2102.0,851.0,553.0,321.0,720.0,583.0,687.0,252.0,573.0,89.0,0.0,0.0,0.0,0.0,0.0,0.0,0.5294117647058824,0.6,6850.0,133255.0,0.0,0.35823754789272033,0.3688969258589512,0.7384615384615385,0.7461809635722679,0.4620281946339245,0.4324452901998097,0.06377130291368883,25.176470588235293,0.0,34.0,0.47058823529411764,0.5,0.2647058823529412,0.53125,0.3125,0.5
96,7,NYL,NYL,1,5.0,0,0,0,2069.0,650.0,645.0,285.0,736.0,475.0,674.0,252.0,576.0,112.0,2153.0,722.0,461.0,341.0,832.0,508.0,668.0,270.0,485.0,134.0,0.0,0.0,0.0,0.0,0.0,0.0,0.3235294117647059,0.35,6875.0,155048.0,1.0,0.33488372093023255,0.37093275488069416,0.7876923076923077,0.7659279778393352,0.3972933784436926,0.4486762656758012,0.46511627906976744,86.0,0.0,34.0,0.5294117647058824,0.5294117647058824,0.47058823529411764,0.5625,0.65625,0.46078431372549017
97,7,PHO,PHO,0,5.0,0,0,0,2434.0,684.0,722.0,334.0,811.0,640.0,741.0,275.0,442.0,127.0,2360.0,852.0,618.0,408.0,875.0,578.0,669.0,231.0,537.0,126.0,0.0,0.0,0.0,0.0,0.0,0.0,0.5294117647058824,0.4,6900.0,126801.0,1.0,0.3670360110803324,0.3284789644012945,0.7850877192982456,0.7394366197183099,0.44330320460147904,0.43347457627118646,0.5294117647058824,34.0,0.0,34.0,0.47058823529411764,0.5,0.23529411764705882,0.34375,0.40625,0.5
98,7,CHA,CHA,1,6.0,0,0,0,2178.0,777.0,544.0,347.0,747.0,527.0,734.0,315.0,574.0,155.0,2149.0,791.0,465.0,370.0,870.0,522.0,707.0,286.0,619.0,125.0,0.0,0.0,0.0,0.0,0.0,0.0,0.3235294117647059,0.3,6825.0,106942.0,,0.3235294117647059,0.3333333333333333,0.7104247104247104,0.7509481668773704,0.39669421487603307,0.4239181014425314,,,,0.0,0.17647058823529413,0.47058823529411764,0.5294117647058824,0.5625,0.5625,0.3235294117647059
99,7,SAS,SAS,0,6.0,0,0,0,2255.0,672.0,556.0,354.0,814.0,540.0,610.0,246.0,488.0,83.0,2262.0,640.0,459.0,372.0,865.0,560.0,641.0,254.0,480.0,129.0,0.0,0.0,0.0,0.0,0.0,0.0,0.38235294117647056,0.5,6800.0,125749.0,1.0,0.33992805755395683,0.35947712418300654,0.75,0.765625,0.4057649667405765,0.4305923961096375,0.43434343434343436,198.0,1.0,34.0,0.20588235294117646,0.2647058823529412,0.35294117647058826,0.625,0.59375,0.28431372549019607
100,7,CHI,CHI,1,7.0,0,0,0,2175.0,643.0,536.0,357.0,680.0,509.0,674.0,277.0,527.0,125.0,2147.0,736.0,536.0,379.0,860.0,623.0,584.0,262.0,535.0,120.0,0.0,0.0,0.0,0.0,0.0,0.0,0.14705882352941177,0.2,6800.0,57635.0,0.0,0.292910447761194,0.373134328358209,0.6982892690513219,0.7404891304347826,0.39448275862068966,0.45225896599906845,0.0,0.0,0.0,34.0,0.5,0.5,0.5,0.5,0.5,0.14705882352941177
101,7,MIN,MIN,0,7.0,0,0,0,2211.0,681.0,419.0,340.0,804.0,491.0,654.0,193.0,530.0,113.0,2314.0,719.0,542.0,372.0,832.0,625.0,633.0,308.0,438.0,124.0,0.0,0.0,0.0,0.0,0.0,0.0,0.29411764705882354,0.3,6825.0,109522.0,0.0,0.3532219570405728,0.33025830258302585,0.7121879588839941,0.7621696801112656,0.42740841248303935,0.4338807260155575,0.0,0.0,0.0,34.0,0.4117647058823529,0.5294117647058824,0.5294117647058824,0.3125,0.375,0.411764705882353
102,8,DET,DET,1,1.0,1,1,0,2261.0,785.0,442.0,380.0,931.0,563.0,702.0,227.0,564.0,117.0,2262.0,718.0,610.0,309.0,780.0,546.0,767.0,276.0,529.0,117.0,0.0,0.0,0.0,0.0,0.0,0.0,0.7058823529411765,0.7,6850.0,165738.0,1.0,0.3574660633484163,0.33278688524590166,0.7579617834394905,0.7618384401114207,0.4298982750995135,0.39566755083996463,0.59375,192.0,1.0,34.0,0.6764705882352942,0.47058823529411764,0.5,0.7352941176470589,0.28125,0.6176470588235294
103,8,PHO,PHO,0,1.0,1,1,1,2419.0,754.0,802.0,279.0,873.0,683.0,658.0,285.0,486.0,159.0,2526.0,716.0,762.0,445.0,945.0,628.0,684.0,244.0,595.0,109.0,0.0,0.0,0.0,0.0,0.0,0.0,0.6764705882352942,0.7727272727272727,6850.0,131524.0,0.0,0.35286783042394015,0.3805774278215223,0.8169761273209549,0.7960893854748603,0.43943778420835056,0.40459224069675376,0.0,0.0,0.0,34.0,0.5294117647058824,0.47058823529411764,0.5,0.23529411764705882,0.34375,0.5588235294117647
104,8,IND,IND,1,2.0,1,0,0,2167.0,617.0,546.0,341.0,812.0,511.0,646.0,308.0,589.0,136.0,2192.0,608.0,483.0,369.0,795.0,475.0,663.0,280.0,610.0,114.0,0.0,0.0,0.0,0.0,0.0,0.0,0.6176470588235294,0.6,6875.0,133915.0,1.0,0.3443223443223443,0.32712215320910976,0.7747163695299838,0.7401315789473685,0.4185509921550531,0.40191605839416056,0.34375,96.0,0.0,34.0,0.6176470588235294,0.6176470588235294,0.4411764705882353,0.47058823529411764,0.5,0.6176470588235294
105,8,SAS,SAS,0,2.0,1,0,0,2176.0,577.0,566.0,323.0,764.0,567.0,653.0,283.0,558.0,130.0,2139.0,688.0,454.0,361.0,776.0,516.0,619.0,257.0,583.0,137.0,0.0,0.0,0.0,0.0,0.0,0.0,0.5882352941176471,0.5909090909090909,6875.0,128680.0,1.0,0.3657243816254417,0.3237885462555066,0.804159445407279,0.7688953488372093,0.4241727941176471,0.42262739597942967,0.45689655172413796,232.0,2.0,34.0,0.38235294117647056,0.20588235294117646,0.2647058823529412,0.35294117647058826,0.625,0.392156862745098
106,8,CON,CON,1,3.0,0,0,0,2327.0,615.0,572.0,354.0,868.0,619.0,641.0,272.0,540.0,156.0,2317.0,626.0,485.0,337.0,842.0,581.0,633.0,246.0,524.0,85.0,0.0,0.0,0.0,0.0,0.0,0.0,0.5294117647058824,0.5,6925.0,135490.0,1.0,0.3409090909090909,0.3422680412371134,0.7772357723577236,0.7587859424920128,0.4301675977653631,0.421234354769098,0.6235294117647059,170.0,1.0,34.0,0.7647058823529411,0.7647058823529411,0.5294117647058824,0.5294117647058824,0.5,0.6862745098039215
107,8,SAC,SAC,0,3.0,0,0,0,2214.0,745.0,429.0,452.0,723.0,537.0,642.0,325.0,611.0,101.0,2081.0,664.0,547.0,308.0,718.0,542.0,689.0,274.0,649.0,141.0,0.0,0.0,0.0,0.0,0.0,0.0,0.5588235294117647,0.5454545454545454,6950.0,142575.0,1.0,0.35664335664335667,0.340036563071298,0.7677852348993288,0.7710843373493976,0.4069557362240289,0.42815953868332535,0.5588235294117647,34.0,0.0,34.0,0.6176470588235294,0.7352941176470589,0.5294117647058824,0.5588235294117647,0.4375,0.6372549019607844
108,8,NYL,NYL,1,4.0,0,0,0,2087.0,580.0,653.0,287.0,788.0,500.0,618.0,289.0,612.0,109.0,2223.0,619.0,589.0,378.0,837.0,509.0,608.0,321.0,562.0,115.0,0.0,0.0,0.0,0.0,0.0,0.0,0.47058823529411764,0.5,6850.0,147866.0,1.0,0.3721286370597244,0.3225806451612903,0.7413793103448276,0.7609046849757674,0.4168663152850982,0.413855150697256,0.4666666666666667,120.0,0.0,34.0,0.3235294117647059,0.5294117647058824,0.5294117647058824,0.47058823529411764,0.5625,0.4411764705882353
109,8,SEA,SEA,0,4.0,0,0,0,2210.0,715.0,639.0,344.0,820.0,533.0,620.0,242.0,533.0,151.0,2321.0,586.0,528.0,333.0,761.0,591.0,642.0,272.0,495.0,112.0,0.0,0.0,0.0,0.0,0.0,0.0,0.5,0.5,6825.0,135553.0,1.0,0.350547730829421,0.3693181818181818,0.813986013986014,0.8156996587030717,0.43619909502262444,0.42524773804394655,0.39759036144578314,83.0,0.0,34.0,0.5294117647058824,0.5882352941176471,0.5882352941176471,0.5294117647058824,0.53125,0.5392156862745098
110,8,HOU,HOU,0,5.0,0,0,0,2149.0,721.0,365.0,374.0,770.0,558.0,655.0,289.0,633.0,109.0,2190.0,719.0,581.0,342.0,721.0,588.0,677.0,310.0,568.0,160.0,0.0,0.0,0.0,0.0,0.0,0.0,0.38235294117647056,0.45454545454545453,6800.0,138816.0,0.0,0.3452054794520548,0.3476764199655766,0.768377253814147,0.803894297635605,0.42577943229409027,0.42191780821917807,0.5,48.0,0.0,34.0,0.5294117647058824,0.5588235294117647,0.38235294117647056,0.5882352941176471,0.75,0.4901960784313726
111,8,WAS,WAS,1,5.0,0,0,0,2170.0,839.0,528.0,335.0,783.0,472.0,763.0,282.0,571.0,133.0,2216.0,801.0,520.0,383.0,825.0,549.0,762.0,256.0,579.0,103.0,0.0,0.0,0.0,0.0,0.0,0.0,0.47058823529411764,0.4,6900.0,133255.0,0.0,0.3087121212121212,0.33653846153846156,0.7961859356376639,0.7690387016229713,0.404147465437788,0.41696750902527074,0.34509803921568627,19.41176470588235,0.0,34.0,0.5294117647058824,0.47058823529411764,0.5,0.2647058823529412,0.53125,0.4901960784313726
112,8,CHI,CHI,1,6.0,0,0,0,2277.0,723.0,544.0,383.0,782.0,597.0,634.0,262.0,510.0,112.0,2243.0,642.0,481.0,379.0,846.0,584.0,683.0,242.0,566.0,138.0,0.0,0.0,0.0,0.0,0.0,0.0,0.4117647058823529,0.3,6972.0,66557.0,0.0,0.34191176470588236,0.38253638253638256,0.6763485477178424,0.780373831775701,0.4062362758014932,0.4293357111012037,0.0,0.0,0.0,34.0,0.14705882352941177,0.5,0.5,0.5,0.5,0.27941176470588236
113,8,MIN,MIN,0,6.0,0,0,0,2355.0,674.0,496.0,397.0,785.0,596.0,713.0,238.0,561.0,95.0,2195.0,785.0,461.0,318.0,800.0,565.0,645.0,279.0,529.0,147.0,0.0,0.0,0.0,0.0,0.0,0.0,0.29411764705882354,0.36363636363636365,6875.0,121019.0,0.0,0.3286290322580645,0.351409978308026,0.787833827893175,0.7821656050955414,0.4123142250530786,0.45011389521640094,0.29411764705882354,34.0,0.0,34.0,0.29411764705882354,0.4117647058823529,0.5294117647058824,0.5294117647058824,0.3125,0.3333333333333333
114,8,LAS,LAS,0,7.0,0,0,0,2305.0,627.0,456.0,356.0,783.0,554.0,732.0,245.0,571.0,107.0,2212.0,800.0,537.0,343.0,836.0,616.0,605.0,290.0,550.0,137.0,0.0,0.0,0.0,0.0,0.0,0.0,0.29411764705882354,0.2727272727272727,6900.0,147810.0,1.0,0.3508771929824561,0.35567970204841715,0.7862838915470495,0.76125,0.4078091106290672,0.43128390596745025,0.7010869565217391,184.0,1.0,34.0,0.7352941176470589,0.5,0.7352941176470589,0.7058823529411765,0.78125,0.5098039215686274
115,9,DET,DET,1,1.0,1,1,1,2295.0,744.0,476.0,405.0,843.0,604.0,724.0,278.0,496.0,118.0,2151.0,740.0,616.0,324.0,761.0,520.0,762.0,229.0,572.0,119.0,0.0,0.0,0.0,0.0,0.0,0.0,0.6470588235294118,0.8,6875.0,162669.0,1.0,0.35294117647058826,0.349025974025974,0.7473118279569892,0.7608108108108108,0.42440087145969496,0.40539284053928404,0.05309734513274337,19.941176470588236,0.08823529411764706,34.0,0.7058823529411765,0.6764705882352942,0.47058823529411764,0.5,0.7352941176470589,0.676470588235294
116,9,SAS,SAS,0,1.0,1,1,0,2080.0,694.0,539.0,246.0,847.0,601.0,602.0,272.0,525.0,150.0,2271.0,634.0,483.0,389.0,817.0,500.0,666.0,278.0,528.0,109.0,0.0,0.0,0.0,0.0,0.0,0.0,0.7058823529411765,0.5,6850.0,135722.0,1.0,0.3395176252319109,0.28778467908902694,0.80835734870317,0.7429022082018928,0.43317307692307694,0.3980625275209159,0.48872180451127817,266.0,2.0,34.0,0.5882352941176471,0.38235294117647056,0.20588235294117646,0.2647058823529412,0.35294117647058826,0.5588235294117647
117,9,CON,CON,1,2.0,0,0,0,2286.0,723.0,669.0,370.0,869.0,607.0,629.0,211.0,487.0,97.0,2284.0,638.0,496.0,360.0,840.0,554.0,703.0,252.0,499.0,104.0,0.0,0.0,0.0,0.0,0.0,0.0,0.6176470588235294,0.65,6850.0,129951.0,0.0,0.3303437967115097,0.32056451612903225,0.7455048409405256,0.7398119122257053,0.4221347331583552,0.4181260945709282,0.6225490196078431,204.0,2.0,34.0,0.5294117647058824,0.7647058823529411,0.7647058823529411,0.5294117647058824,0.5294117647058824,0.6372549019607843
118,9,SEA,SEA,0,2.0,0,0,0,2112.0,728.0,453.0,340.0,822.0,530.0,684.0,269.0,526.0,140.0,2164.0,680.0,539.0,332.0,760.0,498.0,674.0,263.0,515.0,115.0,0.0,0.0,0.0,0.0,0.0,0.0,0.6470588235294118,0.65,6800.0,140503.0,1.0,0.31567328918322296,0.31910946196660483,0.7582417582417582,0.7529411764705882,0.4256628787878788,0.3978743068391867,0.4700854700854701,117.0,0.0,34.0,0.5,0.5294117647058824,0.5882352941176471,0.5882352941176471,0.5294117647058824,0.5588235294117646
119,9,LAS,LAS,0,3.0,1,0,0,2248.0,717.0,485.0,386.0,896.0,613.0,713.0,251.0,608.0,216.0,2310.0,751.0,547.0,359.0,768.0,513.0,717.0,303.0,523.0,141.0,0.0,0.0,0.0,0.0,0.0,0.0,0.5882352941176471,0.6,7000.0,161639.0,1.0,0.311340206185567,0.3382084095063985,0.7517433751743375,0.748335552596538,0.42437722419928825,0.38441558441558443,0.6834862385321101,218.0,1.0,34.0,0.29411764705882354,0.7352941176470589,0.5,0.7352941176470589,0.7058823529411765,0.5392156862745098
120,9,NYL,NYL,1,3.0,1,0,0,2168.0,653.0,706.0,327.0,778.0,551.0,655.0,290.0,547.0,117.0,2163.0,674.0,485.0,352.0,823.0,496.0,625.0,285.0,559.0,109.0,0.0,0.0,0.0,0.0,0.0,0.0,0.5588235294117647,0.55,6900.0,153772.0,0.0,0.3668555240793201,0.35876288659793815,0.7503828483920367,0.7655786350148368,0.42066420664206644,0.42718446601941745,0.502904989747095,210.0,0.0,34.0,0.47058823529411764,0.3235294117647059,0.5294117647058824,0.5294117647058824,0.47058823529411764,0.45098039215686275
121,9,IND,IND,1,4.0,0,0,0,2179.0,656.0,662.0,349.0,778.0,500.0,727.0,324.0,585.0,165.0,2127.0,706.0,415.0,338.0,833.0,477.0,659.0,294.0,608.0,130.0,0.0,0.0,0.0,0.0,0.0,0.0,0.5,0.6,6950.0,130941.0,1.0,0.3413897280966767,0.3253012048192771,0.7545731707317073,0.7648725212464589,0.4020192748967416,0.41889985895627646,0.38461538461538464,130.0,0.0,34.0,0.6176470588235294,0.6176470588235294,0.6176470588235294,0.4411764705882353,0.47058823529411764,0.5784313725490197
122,9,SAC,SAC,0,4.0,0,0,0,2159.0,816.0,438.0,388.0,721.0,473.0,690.0,319.0,586.0,77.0,2128.0,622.0,542.0,308.0,767.0,581.0,759.0,267.0,624.0,206.0,0.0,0.0,0.0,0.0,0.0,0.0,0.5294117647058824,0.45,6800.0,139066.0,0.0,0.3835616438356164,0.34317343173431736,0.7487745098039216,0.7540192926045016,0.4089856415006948,0.450187969924812,0.6058515629581842,98.88235294117646,0.6176470588235294,34.0,0.5588235294117647,0.6176470588235294,0.7352941176470589,0.5294117647058824,0.5588235294117647,0.5686274509803922
123,9,CHI,CHI,1,5.0,0,0,0,2100.0,812.0,341.0,357.0,770.0,548.0,639.0,269.0,525.0,149.0,2203.0,655.0,508.0,366.0,794.0,531.0,681.0,255.0,522.0,124.0,0.0,0.0,0.0,0.0,0.0,0.0,0.35294117647058826,0.5,6875.0,62146.0,0.0,0.3225806451612903,0.3346456692913386,0.6945812807881774,0.7725190839694657,0.4280952380952381,0.41625056740807986,0.35294117647058826,34.0,0.0,34.0,0.4117647058823529,0.14705882352941177,0.5,0.5,0.5,0.303921568627451
124,9,HOU,HOU,0,5.0,0,0,0,2213.0,736.0,481.0,376.0,803.0,556.0,728.0,295.0,599.0,120.0,2186.0,781.0,580.0,349.0,743.0,542.0,744.0,313.0,555.0,165.0,0.0,0.0,0.0,0.0,0.0,0.0,0.5,0.5,6925.0,111951.0,,0.316008316008316,0.3758620689655172,0.7649456521739131,0.7451984635083226,0.41708088567555357,0.4130832570905764,,,,0.0,0.38235294117647056,0.5294117647058824,0.5588235294117647,0.38235294117647056,0.5882352941176471,0.4705882352941176
125,9,PHO,PHO,0,6.0,0,0,0,2485.0,773.0,701.0,375.0,851.0,560.0,794.0,232.0,489.0,156.0,2460.0,932.0,695.0,440.0,858.0,650.0,717.0,234.0,500.0,129.0,0.0,0.0,0.0,0.0,0.0,0.0,0.47058823529411764,0.4,6825.0,144867.0,1.0,0.3281027104136947,0.3496402877697842,0.8305304010349288,0.7446351931330472,0.4301810865191147,0.4211382113821138,0.47058823529411764,34.0,0.0,34.0,0.6764705882352942,0.5294117647058824,0.47058823529411764,0.5,0.23529411764705882,0.5588235294117648
126,9,WAS,WAS,1,6.0,0,0,0,2131.0,659.0,460.0,362.0,770.0,483.0,757.0,241.0,637.0,93.0,2096.0,760.0,528.0,306.0,787.0,542.0,708.0,314.0,530.0,146.0,0.0,0.0,0.0,0.0,0.0,0.0,0.29411764705882354,0.3,6825.0,154637.0,1.0,0.35434782608695653,0.3409090909090909,0.6600910470409712,0.7407894736842106,0.41529798216799624,0.44322519083969464,0.0,0.0,0.0,34.0,0.47058823529411764,0.5294117647058824,0.47058823529411764,0.5,0.2647058823529412,0.4313725490196078
127,9,ATL,ATL,1,7.0,0,0,0,2258.0,725.0,598.0,340.0,737.0,492.0,796.0,285.0,593.0,142.0,2254.0,918.0,502.0,401.0,864.0,684.0,726.0,310.0,561.0,134.0,0.0,0.0,0.0,0.0,0.0,0.0,0.11764705882352941,0.1,6825.0,141379.0,1.0,0.3377926421404682,0.3426294820717131,0.7475862068965518,0.7396514161220044,0.3963684676705049,0.44986690328305234,0.11764705882352941,34.0,0.0,34.0,0.5,0.5,0.5,0.5,0.5,0.11764705882352941
128,9,MIN,MIN,0,7.0,0,0,0,2303.0,864.0,413.0,353.0,792.0,557.0,751.0,309.0,472.0,131.0,2220.0,809.0,486.0,350.0,862.0,587.0,748.0,248.0,579.0,140.0,0.0,0.0,0.0,0.0,0.0,0.0,0.47058823529411764,0.4,6900.0,118463.0,0.0,0.3220338983050847,0.33127572016460904,0.7546296296296297,0.7564894932014833,0.430308293530178,0.43873873873873875,0.0,0.0,0.0,34.0,0.29411764705882354,0.29411764705882354,0.4117647058823529,0.5294117647058824,0.5294117647058824,0.35294117647058826
129,10,IND,IND,1,1.0,1,1,0,2212.0,746.0,637.0,342.0,780.0,527.0,692.0,373.0,531.0,117.0,2118.0,692.0,483.0,318.0,849.0,498.0,700.0,271.0,638.0,116.0,0.0,0.0,0.0,0.0,0.0,0.0,0.6470588235294118,0.7727272727272727,6925.0,134964.0,,0.33437990580847726,0.3188405797101449,0.82171581769437,0.7644508670520231,0.4023508137432188,0.42917847025495753,0.43902439024390244,164.0,0.0,34.0,0.5,0.6176470588235294,0.6176470588235294,0.6176470588235294,0.4411764705882353,0.5882352941176471
130,10,PHO,PHO,0,1.0,1,1,1,2454.0,752.0,665.0,284.0,906.0,625.0,740.0,225.0,500.0,181.0,2582.0,851.0,608.0,421.0,864.0,607.0,671.0,260.0,460.0,143.0,0.0,0.0,0.0,0.0,0.0,0.0,0.6764705882352942,0.65,6900.0,144884.0,,0.38646616541353385,0.3371710526315789,0.8550531914893617,0.7497062279670975,0.45965770171149145,0.42370255615801705,0.5735294117647058,68.0,0.0,34.0,0.47058823529411764,0.6764705882352942,0.5294117647058824,0.47058823529411764,0.5,0.607843137254902
131,10,ATL,ATL,1,2.0,0,0,0,2428.0,755.0,374.0,404.0,855.0,547.0,741.0,329.0,590.0,121.0,2363.0,807.0,530.0,353.0,821.0,615.0,700.0,347.0,601.0,133.0,0.0,0.0,0.0,0.0,0.0,0.0,0.5294117647058824,0.45454545454545453,6950.0,120737.0,,0.3048128342245989,0.34150943396226413,0.7536423841059603,0.7732342007434945,0.4485172981878089,0.42149809564113416,0.3235294117647059,68.0,1.0,34.0,0.11764705882352941,0.5,0.5,0.5,0.5,0.3235294117647059
132,10,SEA,SEA,0,2.0,0,0,0,2116.0,707.0,486.0,316.0,788.0,536.0,710.0,276.0,555.0,150.0,2150.0,671.0,585.0,332.0,746.0,517.0,672.0,275.0,555.0,131.0,0.0,0.0,0.0,0.0,0.0,0.0,0.5882352941176471,0.65,7025.0,133858.0,,0.35185185185185186,0.3452991452991453,0.785007072135785,0.7600596125186289,0.42958412098298676,0.4102325581395349,0.4966887417218543,151.0,0.0,34.0,0.6470588235294118,0.5,0.5294117647058824,0.5882352941176471,0.5882352941176471,0.5784313725490197
133,10,DET,DET,1,3.0,1,0,0,2277.0,721.0,436.0,373.0,853.0,575.0,766.0,261.0,546.0,97.0,2201.0,813.0,611.0,320.0,781.0,524.0,716.0,279.0,531.0,110.0,0.0,0.0,0.0,0.0,0.0,0.0,0.5294117647058824,0.5,6975.0,136069.0,,0.35091743119266056,0.3404255319148936,0.7475728155339806,0.7773677736777368,0.43039086517347386,0.40981372103589275,,,,0.0,0.6470588235294118,0.7058823529411765,0.6764705882352942,0.47058823529411764,0.5,0.627450980392157
134,10,LAS,LAS,0,3.0,1,0,0,2264.0,550.0,512.0,365.0,883.0,587.0,583.0,217.0,568.0,166.0,2262.0,623.0,636.0,320.0,730.0,516.0,622.0,300.0,463.0,115.0,0.0,0.0,0.0,0.0,0.0,0.0,0.5294117647058824,0.55,6925.0,176587.0,,0.296875,0.33490566037735847,0.7909090909090909,0.7688603531300161,0.4297703180212014,0.39920424403183025,0.4117647058823529,34.0,1.0,34.0,0.5882352941176471,0.29411764705882354,0.7352941176470589,0.5,0.7352941176470589,0.4705882352941177
135,10,SAS,SAS,0,4.0,0,0,0,2190.0,626.0,739.0,281.0,768.0,598.0,596.0,257.0,509.0,116.0,2279.0,620.0,499.0,364.0,824.0,529.0,643.0,268.0,502.0,120.0,0.0,0.0,0.0,0.0,0.0,0.0,0.4411764705882353,0.5,6950.0,127957.0,,0.34641407307171856,0.3466933867735471,0.7779552715654952,0.7870967741935484,0.4273972602739726,0.43878894251864853,0.48333333333333334,300.0,2.0,34.0,0.7058823529411765,0.5882352941176471,0.38235294117647056,0.20588235294117646,0.2647058823529412,0.5784313725490197
136,10,WAS,WAS,1,4.0,0,0,0,2205.0,827.0,426.0,388.0,803.0,453.0,725.0,314.0,607.0,118.0,2184.0,755.0,478.0,322.0,789.0,524.0,778.0,315.0,576.0,156.0,0.0,0.0,0.0,0.0,0.0,0.0,0.47058823529411764,0.45454545454545453,6875.0,192747.0,,0.32629107981220656,0.3389121338912134,0.7013301088270859,0.7549668874172185,0.4231292517006803,0.4326923076923077,0.40217391304347827,92.0,0.0,34.0,0.29411764705882354,0.47058823529411764,0.5294117647058824,0.47058823529411764,0.5,0.411764705882353
137,10,CHI,CHI,1,5.0,0,0,0,2136.0,693.0,471.0,307.0,776.0,532.0,605.0,249.0,532.0,138.0,2269.0,613.0,593.0,359.0,797.0,610.0,636.0,273.0,489.0,121.0,0.0,0.0,0.0,0.0,0.0,0.0,0.47058823529411764,0.45454545454545453,6825.0,66852.0,,0.39490445859872614,0.3473861720067454,0.7604617604617605,0.7814029363784666,0.4353932584269663,0.44248567650947557,0.0,0.0,0.0,34.0,0.35294117647058826,0.4117647058823529,0.14705882352941177,0.5,0.5,0.411764705882353
138,10,MIN,MIN,0,5.0,0,0,0,2257.0,766.0,695.0,325.0,762.0,509.0,693.0,301.0,513.0,128.0,2260.0,711.0,510.0,317.0,848.0,589.0,694.0,250.0,543.0,140.0,0.0,0.0,0.0,0.0,0.0,0.0,0.4117647058823529,0.35,6875.0,128127.0,,0.34820143884892085,0.38235294117647056,0.7715404699738904,0.7735583684950773,0.4204696499778467,0.46061946902654866,0.0,0.0,0.0,34.0,0.47058823529411764,0.29411764705882354,0.29411764705882354,0.4117647058823529,0.5294117647058824,0.392156862745098
139,10,CON,CON,1,6.0,0,0,0,2381.0,692.0,639.0,358.0,826.0,608.0,677.0,250.0,453.0,130.0,2236.0,746.0,488.0,329.0,945.0,525.0,684.0,248.0,549.0,125.0,0.0,0.0,0.0,0.0,0.0,0.0,0.47058823529411764,0.45454545454545453,6975.0,115496.0,,0.3161189358372457,0.32172131147540983,0.7471098265895953,0.792225201072386,0.40571188576228473,0.42620751341681573,0.6008403361344538,238.0,2.0,34.0,0.6176470588235294,0.5294117647058824,0.7647058823529411,0.7647058823529411,0.5294117647058824,0.5392156862745098
140,10,SAC,SAC,0,6.0,0,0,0,2194.0,744.0,389.0,391.0,763.0,540.0,645.0,289.0,584.0,98.0,2221.0,586.0,604.0,326.0,702.0,627.0,704.0,262.0,576.0,147.0,0.0,0.0,0.0,0.0,0.0,0.0,0.35294117647058826,0.3,6850.0,131654.0,,0.3393316195372751,0.36920529801324503,0.7876344086021505,0.8174061433447098,0.43117593436645396,0.4475461503827105,,,,0.0,0.5294117647058824,0.5588235294117647,0.6176470588235294,0.7352941176470589,0.5294117647058824,0.48039215686274517
141,10,NYL,NYL,1,7.0,0,0,0,2168.0,582.0,710.0,280.0,802.0,526.0,637.0,276.0,543.0,121.0,2157.0,673.0,554.0,333.0,869.0,482.0,590.0,269.0,548.0,124.0,0.0,0.0,0.0,0.0,0.0,0.0,0.38235294117647056,0.4090909090909091,6900.0,166604.0,,0.35774647887323946,0.34657039711191334,0.7869415807560137,0.7890044576523031,0.4151291512915129,0.4200278164116829,0.6115107913669064,139.0,1.0,34.0,0.5588235294117647,0.47058823529411764,0.3235294117647059,0.5294117647058824,0.5294117647058824,0.4705882352941176
142,11,ATL,ATL,1,,0,0,0,,,,,,,,,,,,,,,,,,,,,,,,,,,,,,,,,,,,,,,,,0.0,0.5294117647058824,0.11764705882352941,0.5,0.5,0.5,0.3235294117647059
143,11,CHI,CHI,1,,0,0,0,,,,,,,,,,,,,,,,,,,,,,,,,,,,,,,,,,,,,,,,,0.0,0.47058823529411764,0.35294117647058826,0.4117647058823529,0.14705882352941177,0.5,0.411764705882353
144,11,CON,CON,1,,0,0,0,,,,,,,,,,,,,,,,,,,,,,,,,,,,,,,,,,,,,,,,,0.0,0.47058823529411764,0.6176470588235294,0.5294117647058824,0.7647058823529411,0.7647058823529411,0.5441176470588236
145,11,TUL,DET,0,,0,0,0,,,,,,,,,,,,,,,,,,,,,,,,,,,,,,,,,,,,,,,,,0.0,0.5294117647058824,0.6470588235294118,0.7058823529411765,0.6764705882352942,0.47058823529411764,0.5882352941176471
146,11,IND,IND,1,,0,0,0,,,,,,,,,,,,,,,,,,,,,,,,,,,,,,,,,,,,,,,,,0.0,0.6470588235294118,0.5,0.6176470588235294,0.6176470588235294,0.6176470588235294,0.5735294117647058
147,11,LAS,LAS,0,,0,0,0,,,,,,,,,,,,,,,,,,,,,,,,,,,,,,,,,,,,,,,,,0.0,0.5294117647058824,0.5882352941176471,0.29411764705882354,0.7352941176470589,0.5,0.5588235294117647
148,11,MIN,MIN,0,,0,0,0,,,,,,,,,,,,,,,,,,,,,,,,,,,,,,,,,,,,,,,,,0.0,0.4117647058823529,0.47058823529411764,0.29411764705882354,0.29411764705882354,0.4117647058823529,0.4411764705882352
149,11,NYL,NYL,1,,0,0,0,,,,,,,,,,,,,,,,,,,,,,,,,,,,,,,,,,,,,,,,,0.0,0.38235294117647056,0.5588235294117647,0.47058823529411764,0.3235294117647059,0.5294117647058824,0.47058823529411753
150,11,PHO,PHO,0,,0,0,0,,,,,,,,,,,,,,,,,,,,,,,,,,,,,,,,,,,,,,,,,0.0,0.6764705882352942,0.47058823529411764,0.6764705882352942,0.5294117647058824,0.47058823529411764,0.573529411764706
151,11,SAS,SAS,0,,0,0,0,,,,,,,,,,,,,,,,,,,,,,,,,,,,,,,,,,,,,,,,,0.0,0.4411764705882353,0.7058823529411765,0.5882352941176471,0.38235294117647056,0.20588235294117646,0.5735294117647058
152,11,SEA,SEA,0,,0,0,0,,,,,,,,,,,,,,,,,,,,,,,,,,,,,,,,,,,,,,,,,0.0,0.5882352941176471,0.6470588235294118,0.5,0.5294117647058824,0.5882352941176471,0.6176470588235294
153,11,WAS,WAS,1,,0,0,0,,,,,,,,,,,,,,,,,,,,,,,,,,,,,,,,,,,,,,,,,0.0,0.47058823529411764,0.29411764705882354,0.47058823529411764,0.5294117647058824,0.47058823529411764,0.3823529411764706
